{"stats":{"minecraft:dropped":{"minecraft:diorite":1},"minecraft:custom":{"minecraft:jump":41,"minecraft:time_since_rest":12581,"minecraft:leave_game":5,"minecraft:play_time":12581,"minecraft:damage_taken":100,"minecraft:time_since_death":12581,"minecraft:walk_one_cm":5452,"minecraft:sneak_time":44,"minecraft:total_world_time":12581,"minecraft:climb_one_cm":1651,"minecraft:fall_one_cm":2027,"minecraft:drop":1,"minecraft:fly_one_cm":5841},"minecraft:used":{"minecraft:repeating_command_block":1,"minecraft:diorite":5,"minecraft:stone":16,"minecraft:granite":1,"minecraft:grass_block":1}},"DataVersion":3465}