{"stats":{"minecraft:killed_by":{"minecraft:creeper":2,"quark:forgotten":1,"minecraft:cave_spider":2,"minecraft:skeleton":8},"minecraft:mined":{"minecraft:jungle_leaves":1,"minecraft:jungle_log":3,"biomesoplenty:palm_log":10,"minecraft:redstone_ore":3,"minecraft:furnace":2,"minecraft:iron_ore":128,"minecraft:andesite":4,"minecraft:deepslate_lapis_ore":8,"minecraft:deepslate_iron_ore":37,"minecraft:stone":86,"minecraft:deepslate_redstone_ore":5,"minecraft:torch":2,"minecraft:blast_furnace":3,"minecraft:tall_grass":3,"minecraft:deepslate_gold_ore":15,"minecraft:wall_torch":2,"minecraft:grass":13,"minecraft:coal_ore":116,"minecraft:oak_log":15,"minecraft:gravel":6,"minecraft:gold_ore":5,"minecraft:deepslate":27},"minecraft:crafted":{"biomesoplenty:palm_boat":1,"minecraft:oak_planks":56,"minecraft:smooth_stone":6,"minecraft:furnace":2,"minecraft:blast_furnace":1,"minecraft:stone":6,"minecraft:iron_boots":1,"minecraft:stone_pickaxe":1,"minecraft:crafting_table":1,"vanillatweaks:crafting_pad":2,"minecraft:wooden_pickaxe":1,"minecraft:iron_helmet":1,"minecraft:bucket":1,"minecraft:stone_axe":1,"minecraft:air":0,"minecraft:jungle_planks":12,"minecraft:iron_chestplate":1,"quark:torch_arrow":58,"minecraft:shield":1,"minecraft:stick":28,"minecraft:iron_ingot":70,"minecraft:iron_pickaxe":1,"minecraft:stone_sword":1,"minecraft:gold_ingot":12,"minecraft:iron_leggings":1,"minecraft:torch":68,"biomesoplenty:palm_planks":40},"minecraft:picked_up":{"minecraft:iron_chestplate":6,"minecraft:wheat":2,"quark:torch_arrow":147,"minecraft:chicken":4,"minecraft:enchanted_book":1,"minecraft:shield":6,"minecraft:string":20,"minecraft:raw_copper":16,"minecraft:iron_axe":2,"minecraft:flint_and_steel":2,"minecraft:iron_leggings":2,"minecraft:iron_shovel":2,"minecraft:cobbled_deepslate":166,"minecraft:beef":3,"minecraft:jungle_sapling":1,"minecraft:iron_pickaxe":5,"farmersdelight:cabbage_seeds":4,"minecraft:iron_boots":5,"minecraft:furnace":2,"minecraft:raw_iron":214,"minecraft:torch":50,"minecraft:porkchop":4,"farmersdelight:tomato_seeds":3,"minecraft:redstone":39,"quark:ancient_tome":2,"minecraft:stone_sword":1,"minecraft:arrow":40,"minecraft:rotten_flesh":23,"biomesoplenty:palm_log":10,"farmersdelight:rope":8,"minecraft:saddle":2,"minecraft:skeleton_skull":2,"minecraft:bone_block":32,"minecraft:cobblestone":285,"minecraft:feather":4,"minecraft:jungle_log":5,"minecraft:glow_ink_sac":4,"minecraft:water_bucket":6,"minecraft:andesite":4,"immersive_aircraft:warship":1,"minecraft:oak_log":14,"minecraft:gunpowder":1031,"vanillatweaks:crafting_pad":4,"minecraft:lapis_lazuli":46,"minecraft:name_tag":2,"minecraft:bone":41,"minecraft:bow":4,"minecraft:wheat_seeds":3,"minecraft:raw_gold":22,"minecraft:iron_ingot":56,"biomesoplenty:palm_boat":2,"minecraft:iron_sword":2,"minecraft:cooked_porkchop":120,"minecraft:music_disc_13":1,"minecraft:gravel":4,"minecraft:blast_furnace":5,"minecraft:spider_eye":2,"minecraft:iron_hoe":2,"minecraft:music_disc_mall":2,"minecraft:stone_axe":3,"minecraft:iron_helmet":2,"minecraft:granite":3,"minecraft:coal":481},"minecraft:custom":{"minecraft:mob_kills":35,"minecraft:interact_with_crafting_table":1,"minecraft:leave_game":4,"minecraft:time_since_death":3024,"minecraft:climb_one_cm":99,"minecraft:damage_resisted":28,"minecraft:sprint_one_cm":56865,"minecraft:walk_one_cm":341635,"minecraft:damage_blocked_by_shield":7785,"minecraft:drop":63,"minecraft:play_time":219891,"minecraft:deaths":13,"minecraft:sneak_time":2372,"minecraft:walk_under_water_one_cm":36260,"minecraft:boat_one_cm":261630,"minecraft:jump":1842,"minecraft:interact_with_blast_furnace":22,"minecraft:walk_on_water_one_cm":41395,"minecraft:total_world_time":219891,"minecraft:interact_with_furnace":15,"minecraft:sleep_in_bed":3,"minecraft:time_since_rest":3057,"minecraft:damage_taken":5029,"minecraft:damage_absorbed":88,"minecraft:damage_dealt":6076,"minecraft:fly_one_cm":1282423,"minecraft:open_chest":13,"minecraft:crouch_one_cm":260,"minecraft:fall_one_cm":46170},"minecraft:dropped":{"minecraft:cobblestone":1,"minecraft:grass_block":1,"minecraft:torch":3,"ad_astra:oil_bucket":1,"quark:black_stool":1,"quark:oak_chest":1,"minecraft:gravel":4,"mobbattle:mob_kill":1,"minecraft:deepslate":52,"minecraft:prismarine_stairs":1},"minecraft:broken":{"minecraft:wooden_pickaxe":1,"minecraft:stone_pickaxe":1,"minecraft:shield":1},"minecraft:killed":{"minecraft:cave_spider":1,"minecraft:spider":3,"minecraft:skeleton":9,"minecraft:chicken":4,"minecraft:pig":2,"minecraft:zombie_villager":1,"minecraft:creeper":1,"minecraft:zombie":9,"minecraft:cow":1},"minecraft:used":{"minecraft:stone_sword":24,"minecraft:shield":141,"minecraft:iron_sword":17,"minecraft:rotten_flesh":1,"minecraft:iron_chestplate":3,"minecraft:torch":102,"minecraft:warden_spawn_egg":1,"mutantmonsters:spider_pig_spawn_egg":18,"quark:deepslate_furnace":1,"minecraft:grass_block":1,"minecraft:iron_axe":20,"endofherobrine:villager_spawn_egg":1,"minecraft:iron_helmet":1,"minecraft:iron_boots":3,"quark:black_stool":3,"minecraft:bow":8,"minecraft:furnace":2,"minecraft:cobbled_deepslate":2,"minecraft:enchanted_golden_apple":4,"minecraft:iron_leggings":1,"minecraft:water_bucket":8,"minecraft:stone_pickaxe":177,"minecraft:prismarine_stairs":1,"biomesoplenty:palm_boat":2,"minecraft:wooden_pickaxe":59,"endofherobrine:zombie_spawn_egg":1,"minecraft:crafting_table":1,"minecraft:blast_furnace":4,"minecraft:black_bed":1,"minecraft:smoker":1,"minecraft:bread":1,"minecraft:iron_pickaxe":210,"minecraft:deepslate":2,"minecraft:stone_axe":74,"minecraft:cobblestone":39,"minecraft:cooked_porkchop":11,"minecraft:bucket":9,"quark:oak_chest":3}},"DataVersion":3465}