{"stats":{"minecraft:picked_up":{"minecraft:sandstone":3,"minecraft:sand":17,"minecraft:gunpowder":64,"minecraft:spider_eye":1,"minecraft:rotten_flesh":1,"ad_astra:launch_pad":2},"minecraft:dropped":{"ad_astra:launch_pad":2,"minecraft:spider_eye":1},"minecraft:custom":{"minecraft:time_since_rest":15109,"minecraft:interact_with_smithing_table":3,"minecraft:sprint_one_cm":18824,"minecraft:walk_one_cm":98893,"minecraft:damage_taken":1625,"minecraft:damage_absorbed":161,"minecraft:mob_kills":3,"minecraft:drop":3,"minecraft:damage_dealt":619,"minecraft:fly_one_cm":39756,"minecraft:crouch_one_cm":144,"minecraft:play_time":62166,"minecraft:deaths":6,"minecraft:sneak_time":569,"minecraft:walk_under_water_one_cm":2605,"minecraft:jump":226,"minecraft:leave_game":4,"minecraft:walk_on_water_one_cm":2696,"minecraft:time_since_death":15080,"minecraft:total_world_time":62166,"minecraft:damage_resisted":61,"minecraft:fall_one_cm":4935},"minecraft:killed":{"minecraft:zombie":2,"minecraft:spider":1},"minecraft:killed_by":{"minecraft:warden":2,"minecraft:creeper":1},"minecraft:used":{"littleframes:creative_pic_frame":2,"minecraft:netherite_chestplate":2,"simplylight:lightbulb":2,"simplylight:edge_light":18,"minecraft:sandstone":3,"ad_astra:launch_pad":1,"immersive_aircraft:warship":1,"minecraft:netherite_boots":2,"minecraft:sand":71,"minecraft:netherite_leggings":2,"minecraft:smithing_table":1,"immersive_aircraft:gyrodyne":1,"minecraft:netherite_helmet":2,"ad_astra:tier_1_rocket":1,"minecraft:enchanted_golden_apple":6},"minecraft:crafted":{"minecraft:air":0},"minecraft:mined":{"minecraft:sand":2}},"DataVersion":3465}