{"stats":{"minecraft:killed_by":{"minecraft:creeper":2,"quark:forgotten":1,"minecraft:cave_spider":2,"minecraft:skeleton":8},"minecraft:mined":{"minecraft:deepslate_diamond_ore":1,"minecraft:jungle_leaves":1,"minecraft:jungle_log":3,"biomesoplenty:palm_log":10,"minecraft:redstone_ore":3,"minecraft:furnace":2,"minecraft:iron_ore":128,"minecraft:andesite":4,"minecraft:deepslate_lapis_ore":8,"minecraft:deepslate_iron_ore":41,"minecraft:stone":86,"minecraft:deepslate_redstone_ore":5,"minecraft:torch":2,"minecraft:blast_furnace":3,"minecraft:tall_grass":3,"minecraft:deepslate_gold_ore":15,"minecraft:wall_torch":2,"minecraft:grass":13,"minecraft:coal_ore":116,"minecraft:oak_log":15,"minecraft:gravel":6,"minecraft:gold_ore":5,"minecraft:deepslate":27},"minecraft:crafted":{"biomesoplenty:palm_boat":1,"minecraft:oak_planks":56,"minecraft:smooth_stone":6,"minecraft:furnace":2,"minecraft:blast_furnace":1,"minecraft:stone":6,"minecraft:iron_boots":1,"minecraft:stone_pickaxe":1,"minecraft:crafting_table":1,"vanillatweaks:crafting_pad":2,"minecraft:wooden_pickaxe":1,"minecraft:iron_helmet":1,"minecraft:bucket":1,"minecraft:stone_axe":1,"minecraft:air":0,"minecraft:jungle_planks":12,"minecraft:iron_chestplate":1,"quark:torch_arrow":58,"minecraft:shield":1,"minecraft:stick":28,"minecraft:iron_ingot":70,"minecraft:iron_pickaxe":1,"minecraft:stone_sword":1,"minecraft:gold_ingot":12,"minecraft:iron_leggings":1,"minecraft:torch":72,"biomesoplenty:palm_planks":40},"minecraft:picked_up":{"minecraft:iron_chestplate":7,"minecraft:wheat":4,"quark:torch_arrow":147,"minecraft:chicken":4,"minecraft:enchanted_book":4,"minecraft:shield":7,"minecraft:string":34,"minecraft:raw_copper":52,"minecraft:iron_axe":2,"minecraft:flint_and_steel":3,"minecraft:iron_leggings":3,"minecraft:iron_shovel":3,"minecraft:cobbled_deepslate":218,"minecraft:beef":3,"minecraft:jungle_sapling":1,"minecraft:iron_pickaxe":6,"farmersdelight:cabbage_seeds":8,"minecraft:iron_boots":6,"minecraft:furnace":2,"minecraft:stick":1,"minecraft:raw_iron":252,"minecraft:torch":54,"minecraft:porkchop":4,"farmersdelight:tomato_seeds":6,"minecraft:redstone":43,"minecraft:iron_horse_armor":2,"quark:ancient_tome":2,"minecraft:stone_sword":1,"minecraft:arrow":64,"minecraft:rotten_flesh":49,"biomesoplenty:palm_log":10,"farmersdelight:rope":16,"minecraft:saddle":2,"minecraft:skeleton_skull":3,"minecraft:bone_block":80,"minecraft:cobblestone":378,"minecraft:feather":4,"minecraft:jungle_log":5,"minecraft:glow_ink_sac":4,"minecraft:water_bucket":7,"minecraft:andesite":4,"immersive_aircraft:warship":1,"minecraft:oak_log":14,"minecraft:gunpowder":1034,"vanillatweaks:crafting_pad":4,"minecraft:lapis_lazuli":46,"minecraft:name_tag":3,"minecraft:bone":71,"minecraft:bow":4,"minecraft:wheat_seeds":3,"minecraft:raw_gold":24,"minecraft:iron_ingot":56,"biomesoplenty:palm_boat":2,"minecraft:iron_sword":3,"minecraft:cooked_porkchop":152,"minecraft:music_disc_13":2,"minecraft:gravel":4,"minecraft:blast_furnace":5,"minecraft:spider_eye":2,"minecraft:iron_hoe":3,"minecraft:music_disc_mall":3,"minecraft:diamond":2,"minecraft:stone_axe":3,"minecraft:iron_helmet":3,"minecraft:granite":3,"minecraft:coal":549},"minecraft:custom":{"minecraft:mob_kills":40,"minecraft:interact_with_crafting_table":1,"minecraft:leave_game":4,"minecraft:time_since_death":4193,"minecraft:climb_one_cm":99,"minecraft:damage_resisted":28,"minecraft:sprint_one_cm":63561,"minecraft:walk_one_cm":363490,"minecraft:damage_blocked_by_shield":7890,"minecraft:drop":64,"minecraft:play_time":231889,"minecraft:deaths":15,"minecraft:sneak_time":3310,"minecraft:walk_under_water_one_cm":37556,"minecraft:boat_one_cm":261630,"minecraft:jump":1973,"minecraft:interact_with_blast_furnace":22,"minecraft:walk_on_water_one_cm":43009,"minecraft:total_world_time":231889,"minecraft:interact_with_furnace":15,"minecraft:sleep_in_bed":3,"minecraft:time_since_rest":4227,"minecraft:damage_taken":5385,"minecraft:damage_absorbed":88,"minecraft:damage_dealt":6799,"minecraft:fly_one_cm":1430341,"minecraft:open_chest":13,"minecraft:crouch_one_cm":859,"minecraft:fall_one_cm":48514},"minecraft:dropped":{"minecraft:enchanted_book":1,"minecraft:cobblestone":1,"minecraft:grass_block":1,"minecraft:torch":3,"ad_astra:oil_bucket":1,"quark:black_stool":1,"quark:oak_chest":1,"minecraft:gravel":4,"mobbattle:mob_kill":1,"minecraft:deepslate":52,"minecraft:prismarine_stairs":1},"minecraft:broken":{"minecraft:wooden_pickaxe":1,"minecraft:stone_pickaxe":1,"minecraft:shield":1},"minecraft:killed":{"minecraft:cave_spider":1,"minecraft:spider":4,"minecraft:skeleton":9,"minecraft:chicken":4,"minecraft:pig":2,"minecraft:zombie_villager":1,"minecraft:creeper":1,"minecraft:zombie":9,"minecraft:cow":1},"minecraft:used":{"minecraft:stone_sword":24,"minecraft:iron_shovel":1,"minecraft:shield":143,"minecraft:iron_sword":17,"minecraft:rotten_flesh":1,"minecraft:iron_chestplate":3,"minecraft:torch":104,"minecraft:warden_spawn_egg":1,"mutantmonsters:spider_pig_spawn_egg":18,"quark:deepslate_furnace":1,"minecraft:grass_block":1,"minecraft:iron_axe":40,"endofherobrine:villager_spawn_egg":1,"minecraft:iron_helmet":1,"minecraft:iron_boots":3,"quark:black_stool":3,"minecraft:bow":8,"minecraft:furnace":2,"minecraft:cobbled_deepslate":25,"minecraft:enchanted_golden_apple":4,"minecraft:iron_leggings":1,"minecraft:water_bucket":8,"minecraft:stone_pickaxe":177,"minecraft:prismarine_stairs":1,"biomesoplenty:palm_boat":2,"minecraft:wooden_pickaxe":59,"endofherobrine:zombie_spawn_egg":1,"minecraft:crafting_table":1,"minecraft:blast_furnace":4,"minecraft:black_bed":1,"minecraft:smoker":1,"minecraft:bread":1,"minecraft:iron_pickaxe":215,"minecraft:deepslate":2,"minecraft:stone_axe":74,"minecraft:cobblestone":54,"minecraft:cooked_porkchop":12,"minecraft:bucket":9,"quark:oak_chest":3}},"DataVersion":3465}