{"stats":{"minecraft:custom":{"minecraft:open_chest":1,"minecraft:time_since_rest":20756,"minecraft:crouch_one_cm":1,"minecraft:sprint_one_cm":3880,"minecraft:play_time":22647,"minecraft:deaths":1,"minecraft:damage_taken":440,"minecraft:walk_one_cm":23832,"minecraft:sneak_time":497,"minecraft:walk_under_water_one_cm":16652,"minecraft:mob_kills":1,"minecraft:jump":99,"minecraft:damage_dealt":160,"minecraft:leave_game":1,"minecraft:walk_on_water_one_cm":1697,"minecraft:time_since_death":20731,"minecraft:total_world_time":22647,"minecraft:fall_one_cm":2906,"minecraft:fly_one_cm":202649},"minecraft:picked_up":{"minecraft:rotten_flesh":2,"immersive_aircraft:warship":1,"minecraft:wheat_seeds":2,"minecraft:gunpowder":1020},"minecraft:killed_by":{"minecraft:skeleton":1},"minecraft:used":{"minecraft:warden_spawn_egg":1,"quark:black_stool":3,"mutantmonsters:spider_pig_spawn_egg":18,"endofherobrine:zombie_spawn_egg":1,"minecraft:prismarine_stairs":1,"endofherobrine:villager_spawn_egg":1},"minecraft:mined":{"minecraft:grass":9,"minecraft:tall_grass":3},"minecraft:killed":{"minecraft:spider":1}},"DataVersion":3465}