{"stats":{"minecraft:killed_by":{"minecraft:skeleton":1},"minecraft:mined":{"minecraft:furnace":1,"minecraft:iron_ore":11,"minecraft:jungle_leaves":1,"minecraft:grass":9,"minecraft:coal_ore":33,"minecraft:jungle_log":3,"minecraft:tall_grass":3,"minecraft:stone":61,"biomesoplenty:palm_log":2},"minecraft:crafted":{"minecraft:smooth_stone":3,"minecraft:crafting_table":1,"minecraft:stick":8,"minecraft:iron_ingot":5,"minecraft:wooden_pickaxe":1,"vanillatweaks:crafting_pad":1,"minecraft:stone_pickaxe":1,"minecraft:stone_sword":1,"minecraft:furnace":1,"minecraft:stone":3,"minecraft:stone_axe":1,"biomesoplenty:palm_planks":8,"minecraft:jungle_planks":12},"minecraft:picked_up":{"minecraft:raw_iron":11,"minecraft:jungle_log":5,"immersive_aircraft:warship":1,"minecraft:gunpowder":1020,"minecraft:rotten_flesh":2,"biomesoplenty:palm_log":2,"minecraft:wheat_seeds":2,"minecraft:jungle_sapling":1,"minecraft:coal":35,"minecraft:cobblestone":61,"minecraft:furnace":1},"minecraft:custom":{"minecraft:time_since_rest":53188,"minecraft:interact_with_furnace":6,"minecraft:sprint_one_cm":12775,"minecraft:damage_absorbed":16,"minecraft:damage_taken":456,"minecraft:walk_one_cm":78895,"minecraft:mob_kills":1,"minecraft:drop":3,"minecraft:damage_dealt":160,"minecraft:fly_one_cm":618427,"minecraft:open_chest":1,"minecraft:crouch_one_cm":221,"minecraft:play_time":55079,"minecraft:deaths":1,"minecraft:sneak_time":1005,"minecraft:walk_under_water_one_cm":17688,"minecraft:jump":349,"minecraft:leave_game":3,"minecraft:walk_on_water_one_cm":4768,"minecraft:time_since_death":53163,"minecraft:total_world_time":55079,"minecraft:damage_resisted":8,"minecraft:fall_one_cm":6160},"minecraft:dropped":{"mobbattle:mob_kill":1,"quark:black_stool":1,"minecraft:prismarine_stairs":1},"minecraft:broken":{"minecraft:wooden_pickaxe":1},"minecraft:killed":{"minecraft:spider":1},"minecraft:used":{"minecraft:warden_spawn_egg":1,"mutantmonsters:spider_pig_spawn_egg":18,"minecraft:stone_pickaxe":47,"minecraft:prismarine_stairs":1,"endofherobrine:villager_spawn_egg":1,"minecraft:wooden_pickaxe":59,"quark:black_stool":3,"endofherobrine:zombie_spawn_egg":1,"minecraft:cobblestone":32,"minecraft:furnace":1,"minecraft:enchanted_golden_apple":2}},"DataVersion":3465}