{"stats":{"minecraft:killed_by":{"minecraft:skeleton":2},"minecraft:mined":{"minecraft:jungle_leaves":1,"minecraft:jungle_log":3,"minecraft:tall_grass":3,"biomesoplenty:palm_log":10,"minecraft:furnace":1,"minecraft:iron_ore":33,"minecraft:grass":13,"minecraft:coal_ore":76,"minecraft:oak_log":15,"minecraft:stone":78},"minecraft:crafted":{"biomesoplenty:palm_boat":1,"minecraft:smooth_stone":3,"minecraft:oak_planks":56,"minecraft:crafting_table":1,"vanillatweaks:crafting_pad":2,"minecraft:wooden_pickaxe":1,"minecraft:furnace":2,"minecraft:stone":3,"minecraft:bucket":1,"minecraft:stone_axe":1,"minecraft:air":0,"minecraft:jungle_planks":12,"quark:torch_arrow":1,"minecraft:shield":1,"minecraft:stick":16,"minecraft:iron_ingot":12,"minecraft:stone_pickaxe":1,"minecraft:stone_sword":1,"minecraft:torch":16,"biomesoplenty:palm_planks":40},"minecraft:picked_up":{"minecraft:feather":4,"minecraft:chicken":4,"minecraft:jungle_log":5,"immersive_aircraft:warship":1,"minecraft:oak_log":14,"minecraft:gunpowder":1020,"minecraft:wheat_seeds":3,"minecraft:beef":3,"minecraft:jungle_sapling":1,"biomesoplenty:palm_boat":2,"minecraft:furnace":1,"minecraft:raw_iron":33,"minecraft:torch":2,"minecraft:porkchop":4,"minecraft:spider_eye":1,"minecraft:arrow":1,"minecraft:rotten_flesh":3,"biomesoplenty:palm_log":10,"minecraft:granite":3,"minecraft:coal":78,"minecraft:cobblestone":80},"minecraft:custom":{"minecraft:interact_with_furnace":11,"minecraft:mob_kills":15,"minecraft:leave_game":3,"minecraft:time_since_death":35188,"minecraft:damage_resisted":28,"minecraft:climb_one_cm":99,"minecraft:time_since_rest":35246,"minecraft:sprint_one_cm":35277,"minecraft:walk_one_cm":150682,"minecraft:damage_taken":959,"minecraft:damage_absorbed":88,"minecraft:damage_blocked_by_shield":600,"minecraft:drop":5,"minecraft:damage_dealt":2072,"minecraft:fly_one_cm":936765,"minecraft:open_chest":1,"minecraft:crouch_one_cm":260,"minecraft:play_time":103079,"minecraft:deaths":2,"minecraft:sneak_time":1367,"minecraft:walk_under_water_one_cm":25878,"minecraft:boat_one_cm":261630,"minecraft:jump":838,"minecraft:walk_on_water_one_cm":13111,"minecraft:total_world_time":103079,"minecraft:fall_one_cm":16238},"minecraft:dropped":{"mobbattle:mob_kill":1,"minecraft:cobblestone":1,"minecraft:prismarine_stairs":1,"ad_astra:oil_bucket":1,"quark:black_stool":1},"minecraft:broken":{"minecraft:wooden_pickaxe":1},"minecraft:killed":{"minecraft:pig":2,"minecraft:zombie_villager":1,"minecraft:spider":2,"minecraft:skeleton":1,"minecraft:zombie":4,"minecraft:chicken":4,"minecraft:cow":1},"minecraft:used":{"minecraft:water_bucket":4,"minecraft:stone_sword":8,"minecraft:stone_pickaxe":129,"minecraft:prismarine_stairs":1,"minecraft:wooden_pickaxe":59,"biomesoplenty:palm_boat":2,"minecraft:shield":7,"minecraft:torch":16,"endofherobrine:zombie_spawn_egg":1,"minecraft:warden_spawn_egg":1,"mutantmonsters:spider_pig_spawn_egg":18,"endofherobrine:villager_spawn_egg":1,"quark:black_stool":3,"minecraft:stone_axe":55,"minecraft:cobblestone":36,"minecraft:furnace":2,"minecraft:bucket":5,"minecraft:enchanted_golden_apple":4}},"DataVersion":3465}