{"stats":{"minecraft:killed_by":{"minecraft:skeleton":2},"minecraft:mined":{"minecraft:furnace":1,"minecraft:iron_ore":11,"minecraft:jungle_leaves":1,"minecraft:grass":13,"minecraft:coal_ore":33,"minecraft:jungle_log":3,"minecraft:tall_grass":3,"minecraft:stone":61,"biomesoplenty:palm_log":10},"minecraft:crafted":{"biomesoplenty:palm_boat":1,"minecraft:smooth_stone":3,"minecraft:shield":1,"minecraft:crafting_table":1,"minecraft:stick":8,"minecraft:iron_ingot":5,"minecraft:wooden_pickaxe":1,"vanillatweaks:crafting_pad":1,"minecraft:stone_pickaxe":1,"minecraft:stone_sword":1,"minecraft:furnace":1,"minecraft:stone":3,"minecraft:bucket":1,"minecraft:stone_axe":1,"biomesoplenty:palm_planks":40,"minecraft:jungle_planks":12},"minecraft:picked_up":{"minecraft:feather":4,"minecraft:raw_iron":11,"minecraft:chicken":4,"minecraft:jungle_log":5,"immersive_aircraft:warship":1,"minecraft:porkchop":4,"minecraft:gunpowder":1020,"minecraft:spider_eye":1,"minecraft:rotten_flesh":2,"biomesoplenty:palm_log":10,"minecraft:wheat_seeds":3,"minecraft:beef":3,"minecraft:jungle_sapling":1,"biomesoplenty:palm_boat":2,"minecraft:coal":35,"minecraft:cobblestone":61,"minecraft:furnace":1},"minecraft:custom":{"minecraft:time_since_rest":11246,"minecraft:interact_with_furnace":6,"minecraft:sprint_one_cm":25895,"minecraft:damage_absorbed":16,"minecraft:damage_taken":711,"minecraft:walk_one_cm":107830,"minecraft:mob_kills":10,"minecraft:drop":5,"minecraft:damage_dealt":1071,"minecraft:fly_one_cm":909509,"minecraft:open_chest":1,"minecraft:crouch_one_cm":241,"minecraft:play_time":79079,"minecraft:deaths":2,"minecraft:sneak_time":1259,"minecraft:walk_under_water_one_cm":23184,"minecraft:boat_one_cm":261630,"minecraft:jump":550,"minecraft:leave_game":3,"minecraft:walk_on_water_one_cm":6862,"minecraft:time_since_death":11188,"minecraft:climb_one_cm":99,"minecraft:total_world_time":79079,"minecraft:damage_resisted":8,"minecraft:fall_one_cm":9473},"minecraft:dropped":{"mobbattle:mob_kill":1,"minecraft:cobblestone":1,"ad_astra:oil_bucket":1,"quark:black_stool":1,"minecraft:prismarine_stairs":1},"minecraft:broken":{"minecraft:wooden_pickaxe":1},"minecraft:killed":{"minecraft:pig":2,"minecraft:zombie_villager":1,"minecraft:chicken":4,"minecraft:spider":2,"minecraft:cow":1},"minecraft:used":{"minecraft:warden_spawn_egg":1,"mutantmonsters:spider_pig_spawn_egg":18,"minecraft:stone_pickaxe":47,"minecraft:prismarine_stairs":1,"endofherobrine:villager_spawn_egg":1,"biomesoplenty:palm_boat":2,"minecraft:wooden_pickaxe":59,"quark:black_stool":3,"minecraft:stone_axe":27,"endofherobrine:zombie_spawn_egg":1,"minecraft:cobblestone":32,"minecraft:furnace":1,"minecraft:bucket":1,"minecraft:enchanted_golden_apple":2}},"DataVersion":3465}