{"stats":{"minecraft:killed_by":{"minecraft:creeper":2,"quark:forgotten":1,"minecraft:cave_spider":2,"minecraft:skeleton":8,"mowziesmobs:umvuthana_raptor":1},"minecraft:mined":{"minecraft:oak_sapling":2,"minecraft:deepslate_diamond_ore":3,"minecraft:jungle_leaves":1,"minecraft:grass_block":21,"minecraft:jungle_log":3,"farmersdelight:tomatoes":2,"biomesoplenty:palm_log":10,"minecraft:redstone_ore":3,"minecraft:furnace":2,"minecraft:iron_ore":128,"minecraft:andesite":4,"minecraft:deepslate_lapis_ore":8,"minecraft:deepslate_iron_ore":41,"minecraft:stone":86,"minecraft:deepslate_redstone_ore":5,"minecraft:crafting_table":1,"minecraft:torch":2,"minecraft:blast_furnace":3,"farmersdelight:cabbages":3,"minecraft:tall_grass":8,"minecraft:deepslate_gold_ore":15,"minecraft:wall_torch":2,"farmersdelight:cutting_board":2,"minecraft:wheat":5,"minecraft:grass":192,"minecraft:coal_ore":116,"minecraft:oak_log":28,"minecraft:gravel":6,"minecraft:dirt":6,"minecraft:gold_ore":5,"minecraft:deepslate":37},"minecraft:crafted":{"biomesoplenty:palm_boat":1,"minecraft:oak_planks":64,"minecraft:smooth_stone":6,"minecraft:furnace":2,"minecraft:blast_furnace":1,"minecraft:stone":6,"minecraft:bone_meal":90,"minecraft:bow":1,"minecraft:iron_boots":1,"minecraft:leather":16,"minecraft:polished_deepslate":60,"farmersdelight:tomato_crate":1,"farmersdelight:bacon_sandwich":1,"minecraft:stone_pickaxe":1,"minecraft:coal_block":5,"farmersdelight:tomato_seeds":1,"minecraft:crafting_table":1,"vanillatweaks:fried_egg":2,"vanillatweaks:crafting_pad":3,"minecraft:wooden_pickaxe":1,"minecraft:iron_helmet":1,"farmersdelight:egg_sandwich":1,"minecraft:bowl":4,"minecraft:copper_ingot":22,"minecraft:gold_block":1,"minecraft:bucket":1,"minecraft:stone_axe":1,"minecraft:bread":2,"minecraft:air":0,"minecraft:jungle_planks":12,"farmersdelight:bacon_and_eggs":1,"farmersdelight:cutting_board":1,"minecraft:charcoal":9,"minecraft:iron_chestplate":1,"minecraft:diamond_pickaxe":1,"quark:torch_arrow":58,"minecraft:shield":1,"minecraft:stick":28,"minecraft:iron_ingot":104,"minecraft:iron_pickaxe":1,"farmersdelight:cooked_bacon":10,"minecraft:iron_block":3,"minecraft:stone_sword":1,"minecraft:gold_ingot":14,"minecraft:iron_leggings":1,"minecraft:torch":100,"biomesoplenty:palm_planks":40},"minecraft:picked_up":{"minecraft:crafting_table":1,"minecraft:iron_chestplate":8,"minecraft:wheat":17,"quark:torch_arrow":147,"minecraft:chicken":4,"minecraft:enchanted_book":4,"minecraft:shield":8,"farmersdelight:cutting_board":2,"minecraft:string":34,"minecraft:raw_copper":52,"minecraft:iron_axe":3,"minecraft:flint_and_steel":4,"minecraft:iron_leggings":4,"minecraft:iron_shovel":4,"minecraft:cobbled_deepslate":227,"farmersdelight:cabbage":7,"minecraft:beef":3,"minecraft:jungle_sapling":1,"minecraft:iron_pickaxe":7,"farmersdelight:cabbage_seeds":23,"minecraft:iron_boots":7,"minecraft:furnace":2,"minecraft:stick":23,"minecraft:raw_iron":252,"minecraft:copper_ingot":2,"minecraft:torch":79,"minecraft:porkchop":9,"farmersdelight:tomato_seeds":11,"minecraft:carrot":3,"minecraft:redstone":43,"minecraft:iron_horse_armor":2,"quark:ancient_tome":2,"farmersdelight:fried_egg":4,"minecraft:stone_sword":1,"minecraft:arrow":84,"minecraft:rotten_flesh":49,"biomesoplenty:palm_log":10,"farmersdelight:rope":24,"minecraft:saddle":2,"minecraft:skeleton_skull":3,"minecraft:bone_block":80,"minecraft:cobblestone":378,"minecraft:feather":4,"minecraft:jungle_log":5,"minecraft:glow_ink_sac":4,"minecraft:water_bucket":8,"minecraft:andesite":4,"immersive_aircraft:warship":1,"farmersdelight:bacon":10,"minecraft:oak_log":27,"minecraft:gunpowder":1034,"vanillatweaks:crafting_pad":5,"farmersdelight:tomato":17,"minecraft:lapis_lazuli":46,"minecraft:dirt":22,"minecraft:name_tag":3,"minecraft:bone":71,"minecraft:apple":1,"minecraft:bow":5,"minecraft:wheat_seeds":63,"minecraft:raw_gold":24,"minecraft:iron_ingot":56,"biomesoplenty:palm_boat":2,"minecraft:iron_sword":4,"minecraft:cooked_porkchop":184,"minecraft:music_disc_13":2,"minecraft:gravel":4,"minecraft:blast_furnace":5,"minecraft:spider_eye":2,"minecraft:iron_hoe":4,"minecraft:music_disc_mall":3,"minecraft:diamond":4,"minecraft:stone_axe":3,"minecraft:iron_helmet":4,"minecraft:granite":3,"minecraft:oak_sapling":5,"minecraft:coal":549,"minecraft:diamond_pickaxe":1},"minecraft:custom":{"minecraft:interact_with_anvil":4,"minecraft:mob_kills":42,"minecraft:animals_bred":2,"minecraft:interact_with_crafting_table":34,"minecraft:interact_with_campfire":4,"minecraft:leave_game":4,"minecraft:time_since_death":56019,"minecraft:climb_one_cm":99,"minecraft:damage_resisted":28,"minecraft:sprint_one_cm":100777,"minecraft:walk_one_cm":547976,"minecraft:damage_blocked_by_shield":7980,"minecraft:drop":70,"minecraft:play_time":303889,"minecraft:deaths":16,"minecraft:sneak_time":3614,"minecraft:walk_under_water_one_cm":37556,"minecraft:boat_one_cm":261630,"minecraft:jump":2305,"minecraft:interact_with_blast_furnace":41,"minecraft:walk_on_water_one_cm":43009,"minecraft:total_world_time":303889,"minecraft:interact_with_furnace":21,"minecraft:sleep_in_bed":7,"minecraft:time_since_rest":9213,"minecraft:damage_taken":5732,"minecraft:damage_absorbed":88,"minecraft:damage_dealt":7059,"minecraft:fly_one_cm":1592157,"minecraft:open_chest":66,"minecraft:crouch_one_cm":867,"minecraft:interact_with_smoker":19,"minecraft:fall_one_cm":54979},"minecraft:dropped":{"minecraft:enchanted_book":1,"minecraft:cobblestone":6,"minecraft:grass_block":1,"minecraft:torch":3,"ad_astra:oil_bucket":1,"quark:black_stool":1,"quark:oak_chest":1,"minecraft:gravel":4,"minecraft:cobbled_deepslate":1,"mobbattle:mob_kill":1,"minecraft:deepslate":52,"minecraft:wheat":2,"minecraft:carrot":1,"minecraft:prismarine_stairs":1,"vanillatweaks:fried_egg":2},"minecraft:broken":{"minecraft:wooden_pickaxe":1,"minecraft:stone_pickaxe":1,"minecraft:shield":1},"minecraft:killed":{"minecraft:cave_spider":1,"minecraft:spider":4,"minecraft:skeleton":9,"minecraft:chicken":4,"minecraft:pig":4,"minecraft:zombie_villager":1,"minecraft:creeper":1,"minecraft:zombie":9,"minecraft:cow":1},"minecraft:used":{"minecraft:stone_sword":24,"minecraft:iron_shovel":15,"farmersdelight:cabbage_seeds":15,"minecraft:shield":145,"minecraft:iron_sword":19,"minecraft:rotten_flesh":1,"minecraft:iron_chestplate":4,"minecraft:torch":111,"minecraft:anvil":1,"minecraft:carrot":2,"minecraft:warden_spawn_egg":1,"minecraft:iron_hoe":96,"mutantmonsters:spider_pig_spawn_egg":18,"quark:deepslate_furnace":1,"minecraft:grass_block":1,"minecraft:iron_axe":57,"endofherobrine:villager_spawn_egg":1,"minecraft:iron_helmet":1,"minecraft:iron_boots":3,"quark:black_stool":3,"farmersdelight:cutting_board":3,"minecraft:bow":10,"minecraft:oak_sapling":5,"minecraft:furnace":2,"farmersdelight:tomato_seeds":6,"minecraft:cobbled_deepslate":25,"minecraft:enchanted_golden_apple":4,"minecraft:iron_leggings":1,"minecraft:wheat_seeds":35,"minecraft:water_bucket":9,"farmersdelight:tomato_crate":1,"minecraft:stone_pickaxe":177,"minecraft:prismarine_stairs":1,"biomesoplenty:palm_boat":2,"minecraft:wooden_pickaxe":59,"endofherobrine:zombie_spawn_egg":1,"minecraft:golden_hoe":34,"minecraft:crafting_table":2,"minecraft:blast_furnace":4,"minecraft:campfire":1,"minecraft:black_bed":1,"minecraft:smoker":1,"minecraft:bread":1,"minecraft:iron_pickaxe":227,"minecraft:deepslate":2,"minecraft:stone_axe":74,"minecraft:cobblestone":63,"minecraft:cooked_porkchop":13,"minecraft:bucket":9,"quark:oak_chest":3,"minecraft:bone_meal":36}},"DataVersion":3465}