{"stats":{"minecraft:picked_up":{"ad_astra:launch_pad":2},"minecraft:dropped":{"ad_astra:launch_pad":2},"minecraft:custom":{"minecraft:jump":46,"minecraft:time_since_rest":32414,"minecraft:damage_taken":195,"minecraft:crouch_one_cm":8,"minecraft:leave_game":3,"minecraft:play_time":32414,"minecraft:time_since_death":32414,"minecraft:walk_one_cm":43267,"minecraft:sneak_time":122,"minecraft:total_world_time":32414,"minecraft:fly_one_cm":23205,"minecraft:drop":2},"minecraft:used":{"simplylight:lightbulb":2,"littleframes:creative_pic_frame":1,"ad_astra:tier_1_rocket":1,"simplylight:edge_light":18,"minecraft:sand":54,"immersive_aircraft:warship":1,"ad_astra:launch_pad":1}},"DataVersion":3465}