{"stats":{"minecraft:killed":{"minecraft:skeleton":1,"minecraft:zombie":2,"minecraft:spider":1},"minecraft:custom":{"minecraft:time_since_rest":84156,"minecraft:interact_with_smithing_table":4,"minecraft:sprint_one_cm":20285,"minecraft:damage_taken":1625,"minecraft:damage_absorbed":161,"minecraft:walk_one_cm":217117,"minecraft:mob_kills":4,"minecraft:drop":8,"minecraft:damage_dealt":870,"minecraft:fly_one_cm":60160,"minecraft:crouch_one_cm":144,"minecraft:play_time":131213,"minecraft:deaths":6,"minecraft:sneak_time":592,"minecraft:walk_under_water_one_cm":9345,"minecraft:jump":301,"minecraft:leave_game":7,"minecraft:walk_on_water_one_cm":6909,"minecraft:time_since_death":84127,"minecraft:total_world_time":131213,"minecraft:damage_resisted":61,"minecraft:fall_one_cm":4935},"minecraft:picked_up":{"minecraft:sandstone":3,"minecraft:sand":17,"minecraft:gunpowder":64,"minecraft:spider_eye":1,"minecraft:bone":2,"minecraft:arrow":2,"minecraft:rotten_flesh":1,"ad_astra:launch_pad":2},"minecraft:mined":{"minecraft:sand":2},"minecraft:crafted":{"minecraft:air":0},"minecraft:killed_by":{"minecraft:warden":2,"minecraft:creeper":1},"minecraft:dropped":{"ad_astra:launch_pad":2,"minecraft:rotten_flesh":1,"minecraft:spider_eye":1,"minecraft:arrow":2,"minecraft:bone":2},"minecraft:used":{"littleframes:creative_pic_frame":4,"man_of_many_planes:scarlet_biplane":1,"minecraft:netherite_chestplate":2,"simplylight:lightbulb":2,"simplylight:edge_light":18,"minecraft:sandstone":3,"immersive_aircraft:warship":1,"ad_astra:launch_pad":1,"minecraft:netherite_boots":2,"minecraft:sand":71,"minecraft:netherite_leggings":2,"minecraft:smithing_table":1,"immersive_aircraft:gyrodyne":1,"minecraft:netherite_helmet":2,"ad_astra:tier_1_rocket":1,"minecraft:enchanted_golden_apple":10}},"DataVersion":3465}