{"stats":{"minecraft:picked_up":{"ad_astra:launch_pad":2},"minecraft:dropped":{"ad_astra:launch_pad":2},"minecraft:custom":{"minecraft:time_since_rest":10726,"minecraft:crouch_one_cm":144,"minecraft:play_time":44414,"minecraft:sprint_one_cm":944,"minecraft:walk_one_cm":61809,"minecraft:damage_taken":335,"minecraft:deaths":1,"minecraft:sneak_time":534,"minecraft:walk_under_water_one_cm":995,"minecraft:drop":2,"minecraft:jump":63,"minecraft:walk_on_water_one_cm":1052,"minecraft:leave_game":3,"minecraft:time_since_death":10694,"minecraft:total_world_time":44414,"minecraft:fly_one_cm":25280,"minecraft:fall_one_cm":1614},"minecraft:used":{"littleframes:creative_pic_frame":1,"minecraft:sand":54,"immersive_aircraft:gyrodyne":1,"simplylight:lightbulb":2,"ad_astra:tier_1_rocket":1,"simplylight:edge_light":18,"minecraft:enchanted_golden_apple":3,"ad_astra:launch_pad":1,"immersive_aircraft:warship":1}},"DataVersion":3465}