{"stats":{"minecraft:dropped":{"minecraft:repeating_command_block":1,"minecraft:diorite":1,"minecraft:tnt":1,"minecraft:tnt_minecart":1},"minecraft:used":{"minecraft:netherite_sword":4,"minecraft:diorite":5,"minecraft:cobblestone":24,"minecraft:rail":7,"minecraft:grass_block":1,"minecraft:tnt_minecart":1267,"minecraft:repeating_command_block":4,"minecraft:stone":27,"minecraft:granite":1},"minecraft:killed":{"minecraft:spider":1,"minecraft:creeper":1},"minecraft:picked_up":{"minecraft:repeating_command_block":1,"minecraft:clay_ball":4,"minecraft:cobbled_deepslate":2,"minecraft:cobblestone":37},"minecraft:custom":{"minecraft:time_since_rest":37701,"minecraft:crouch_one_cm":1,"minecraft:sprint_one_cm":526,"minecraft:play_time":37701,"minecraft:walk_one_cm":21366,"minecraft:damage_taken":100,"minecraft:sneak_time":253,"minecraft:walk_under_water_one_cm":9439,"minecraft:mob_kills":2,"minecraft:drop":4,"minecraft:jump":100,"minecraft:damage_dealt":360,"minecraft:leave_game":11,"minecraft:walk_on_water_one_cm":13686,"minecraft:time_since_death":37701,"minecraft:climb_one_cm":2415,"minecraft:total_world_time":37701,"minecraft:fall_one_cm":2027,"minecraft:fly_one_cm":95015}},"DataVersion":3465}