{"stats":{"minecraft:picked_up":{"ad_astra:launch_pad":2,"minecraft:gunpowder":64,"minecraft:spider_eye":1},"minecraft:dropped":{"minecraft:spider_eye":1,"ad_astra:launch_pad":2},"minecraft:custom":{"minecraft:time_since_rest":5316,"minecraft:interact_with_smithing_table":1,"minecraft:damage_absorbed":160,"minecraft:crouch_one_cm":144,"minecraft:play_time":52373,"minecraft:sprint_one_cm":14669,"minecraft:walk_one_cm":80612,"minecraft:damage_taken":1570,"minecraft:deaths":6,"minecraft:sneak_time":569,"minecraft:walk_under_water_one_cm":1782,"minecraft:mob_kills":1,"minecraft:drop":3,"minecraft:jump":137,"minecraft:damage_dealt":228,"minecraft:walk_on_water_one_cm":2075,"minecraft:leave_game":4,"minecraft:time_since_death":5287,"minecraft:total_world_time":52373,"minecraft:damage_resisted":60,"minecraft:fly_one_cm":36258,"minecraft:fall_one_cm":3344},"minecraft:killed":{"minecraft:spider":1},"minecraft:killed_by":{"minecraft:creeper":1,"minecraft:warden":2},"minecraft:used":{"minecraft:netherite_boots":1,"littleframes:creative_pic_frame":1,"minecraft:sand":54,"minecraft:netherite_leggings":1,"minecraft:smithing_table":1,"minecraft:netherite_chestplate":1,"immersive_aircraft:gyrodyne":1,"minecraft:netherite_helmet":1,"simplylight:lightbulb":2,"ad_astra:tier_1_rocket":1,"simplylight:edge_light":18,"minecraft:enchanted_golden_apple":4,"ad_astra:launch_pad":1,"immersive_aircraft:warship":1},"minecraft:crafted":{"minecraft:air":0}},"DataVersion":3465}