{"stats":{"minecraft:killed_by":{"minecraft:cave_spider":2,"minecraft:skeleton":8,"minecraft:creeper":1,"quark:forgotten":1},"minecraft:mined":{"minecraft:deepslate_redstone_ore":5,"minecraft:jungle_leaves":1,"minecraft:torch":2,"minecraft:blast_furnace":3,"minecraft:jungle_log":3,"minecraft:tall_grass":3,"minecraft:deepslate_gold_ore":13,"minecraft:wall_torch":2,"biomesoplenty:palm_log":10,"minecraft:redstone_ore":3,"minecraft:furnace":2,"minecraft:iron_ore":120,"minecraft:andesite":4,"minecraft:deepslate_lapis_ore":8,"minecraft:grass":13,"minecraft:oak_log":15,"minecraft:coal_ore":99,"minecraft:deepslate_iron_ore":36,"minecraft:gravel":3,"minecraft:stone":83,"minecraft:gold_ore":5,"minecraft:deepslate":18},"minecraft:crafted":{"biomesoplenty:palm_boat":1,"minecraft:smooth_stone":6,"minecraft:oak_planks":56,"minecraft:crafting_table":1,"minecraft:wooden_pickaxe":1,"vanillatweaks:crafting_pad":2,"minecraft:iron_helmet":1,"minecraft:furnace":2,"minecraft:blast_furnace":1,"minecraft:stone":6,"minecraft:bucket":1,"minecraft:stone_axe":1,"minecraft:air":0,"minecraft:jungle_planks":12,"minecraft:iron_boots":1,"minecraft:iron_chestplate":1,"quark:torch_arrow":58,"minecraft:shield":1,"minecraft:stick":28,"minecraft:iron_ingot":70,"minecraft:iron_pickaxe":1,"minecraft:stone_pickaxe":1,"minecraft:stone_sword":1,"minecraft:iron_leggings":1,"minecraft:gold_ingot":12,"minecraft:torch":68,"biomesoplenty:palm_planks":40},"minecraft:picked_up":{"minecraft:iron_chestplate":5,"quark:torch_arrow":147,"minecraft:feather":4,"minecraft:glow_ink_sac":4,"minecraft:water_bucket":5,"minecraft:chicken":4,"minecraft:andesite":4,"minecraft:jungle_log":5,"immersive_aircraft:warship":1,"minecraft:oak_log":14,"minecraft:shield":5,"minecraft:gunpowder":1028,"vanillatweaks:crafting_pad":4,"minecraft:lapis_lazuli":46,"minecraft:string":3,"minecraft:flint_and_steel":1,"minecraft:iron_axe":1,"minecraft:name_tag":1,"minecraft:iron_leggings":1,"minecraft:iron_shovel":1,"minecraft:bone":15,"minecraft:bow":4,"minecraft:wheat_seeds":3,"minecraft:cobbled_deepslate":82,"minecraft:raw_gold":18,"minecraft:iron_ingot":56,"minecraft:beef":3,"minecraft:iron_pickaxe":4,"minecraft:jungle_sapling":1,"biomesoplenty:palm_boat":2,"minecraft:iron_sword":1,"minecraft:iron_boots":4,"minecraft:furnace":2,"minecraft:raw_iron":175,"minecraft:cooked_porkchop":87,"minecraft:torch":47,"minecraft:porkchop":4,"minecraft:blast_furnace":5,"minecraft:redstone":35,"minecraft:spider_eye":2,"minecraft:iron_hoe":1,"quark:ancient_tome":2,"minecraft:stone_sword":1,"minecraft:arrow":32,"minecraft:rotten_flesh":13,"minecraft:stone_axe":3,"biomesoplenty:palm_log":10,"minecraft:iron_helmet":1,"minecraft:granite":3,"minecraft:coal":411,"minecraft:cobblestone":189},"minecraft:custom":{"minecraft:interact_with_furnace":15,"minecraft:mob_kills":30,"minecraft:interact_with_crafting_table":1,"minecraft:leave_game":4,"minecraft:time_since_death":6058,"minecraft:sleep_in_bed":3,"minecraft:climb_one_cm":99,"minecraft:damage_resisted":28,"minecraft:time_since_rest":6089,"minecraft:sprint_one_cm":51828,"minecraft:damage_absorbed":88,"minecraft:damage_taken":4557,"minecraft:walk_one_cm":309332,"minecraft:damage_blocked_by_shield":7695,"minecraft:drop":62,"minecraft:damage_dealt":5310,"minecraft:fly_one_cm":1241727,"minecraft:open_chest":13,"minecraft:crouch_one_cm":260,"minecraft:play_time":207891,"minecraft:deaths":12,"minecraft:sneak_time":2100,"minecraft:walk_under_water_one_cm":35667,"minecraft:boat_one_cm":261630,"minecraft:jump":1588,"minecraft:interact_with_blast_furnace":22,"minecraft:walk_on_water_one_cm":39669,"minecraft:total_world_time":207891,"minecraft:fall_one_cm":39146},"minecraft:dropped":{"mobbattle:mob_kill":1,"minecraft:deepslate":52,"minecraft:cobblestone":1,"minecraft:grass_block":1,"minecraft:prismarine_stairs":1,"minecraft:torch":3,"ad_astra:oil_bucket":1,"quark:black_stool":1,"quark:oak_chest":1},"minecraft:broken":{"minecraft:stone_pickaxe":1,"minecraft:shield":1,"minecraft:wooden_pickaxe":1},"minecraft:killed":{"minecraft:cave_spider":1,"minecraft:pig":2,"minecraft:zombie_villager":1,"minecraft:spider":3,"minecraft:creeper":1,"minecraft:skeleton":8,"minecraft:zombie":7,"minecraft:chicken":4,"minecraft:cow":1},"minecraft:used":{"minecraft:water_bucket":8,"minecraft:stone_sword":24,"minecraft:stone_pickaxe":177,"minecraft:prismarine_stairs":1,"minecraft:wooden_pickaxe":59,"biomesoplenty:palm_boat":2,"minecraft:shield":139,"minecraft:iron_sword":14,"minecraft:rotten_flesh":1,"minecraft:iron_chestplate":3,"minecraft:torch":81,"endofherobrine:zombie_spawn_egg":1,"minecraft:crafting_table":1,"minecraft:blast_furnace":4,"minecraft:black_bed":1,"minecraft:smoker":1,"minecraft:warden_spawn_egg":1,"mutantmonsters:spider_pig_spawn_egg":18,"quark:deepslate_furnace":1,"minecraft:iron_axe":10,"minecraft:grass_block":1,"minecraft:iron_pickaxe":169,"endofherobrine:villager_spawn_egg":1,"minecraft:iron_boots":2,"minecraft:deepslate":2,"quark:black_stool":3,"minecraft:stone_axe":74,"minecraft:cobblestone":37,"minecraft:bow":8,"minecraft:furnace":2,"minecraft:cooked_porkchop":9,"minecraft:bucket":9,"quark:oak_chest":3,"minecraft:cobbled_deepslate":2,"minecraft:enchanted_golden_apple":4,"minecraft:iron_leggings":1}},"DataVersion":3465}