{"stats":{"minecraft:picked_up":{"ad_astra:launch_pad":2},"minecraft:dropped":{"ad_astra:launch_pad":2},"minecraft:custom":{"minecraft:jump":40,"minecraft:time_since_rest":20414,"minecraft:crouch_one_cm":8,"minecraft:leave_game":3,"minecraft:play_time":20414,"minecraft:time_since_death":20414,"minecraft:walk_one_cm":25401,"minecraft:sneak_time":83,"minecraft:total_world_time":20414,"minecraft:fly_one_cm":12499,"minecraft:drop":2},"minecraft:used":{"littleframes:creative_pic_frame":1,"ad_astra:tier_1_rocket":1,"minecraft:sand":54,"ad_astra:launch_pad":1}},"DataVersion":3465}