{"stats":{"minecraft:custom":{"minecraft:open_chest":1,"minecraft:time_since_rest":35343,"minecraft:crouch_one_cm":1,"minecraft:play_time":37234,"minecraft:sprint_one_cm":3880,"minecraft:damage_taken":440,"minecraft:walk_one_cm":30891,"minecraft:deaths":1,"minecraft:sneak_time":880,"minecraft:walk_under_water_one_cm":17688,"minecraft:mob_kills":1,"minecraft:drop":3,"minecraft:jump":118,"minecraft:damage_dealt":160,"minecraft:leave_game":3,"minecraft:time_since_death":35318,"minecraft:walk_on_water_one_cm":4670,"minecraft:total_world_time":37234,"minecraft:fall_one_cm":2906,"minecraft:fly_one_cm":610907},"minecraft:picked_up":{"minecraft:rotten_flesh":2,"minecraft:jungle_log":2,"immersive_aircraft:warship":1,"biomesoplenty:palm_log":1,"minecraft:wheat_seeds":2,"minecraft:gunpowder":1020},"minecraft:killed_by":{"minecraft:skeleton":1},"minecraft:used":{"minecraft:warden_spawn_egg":1,"quark:black_stool":3,"mutantmonsters:spider_pig_spawn_egg":18,"endofherobrine:zombie_spawn_egg":1,"minecraft:prismarine_stairs":1,"endofherobrine:villager_spawn_egg":1},"minecraft:mined":{"minecraft:grass":9,"minecraft:jungle_log":2,"minecraft:tall_grass":3,"minecraft:jungle_leaves":1,"biomesoplenty:palm_log":1},"minecraft:crafted":{"biomesoplenty:palm_planks":4},"minecraft:dropped":{"mobbattle:mob_kill":1,"quark:black_stool":1,"minecraft:prismarine_stairs":1},"minecraft:killed":{"minecraft:spider":1}},"DataVersion":3465}