{"stats":{"minecraft:picked_up":{"ad_astra:launch_pad":2},"minecraft:dropped":{"ad_astra:launch_pad":2},"minecraft:custom":{"minecraft:jump":34,"minecraft:time_since_rest":8414,"minecraft:crouch_one_cm":8,"minecraft:leave_game":3,"minecraft:play_time":8414,"minecraft:time_since_death":8414,"minecraft:walk_one_cm":21871,"minecraft:sneak_time":51,"minecraft:total_world_time":8414,"minecraft:fly_one_cm":9449,"minecraft:drop":2},"minecraft:used":{"littleframes:creative_pic_frame":1,"ad_astra:tier_1_rocket":1,"minecraft:sand":26,"ad_astra:launch_pad":1}},"DataVersion":3465}