{"stats":{"minecraft:custom":{"minecraft:interact_with_anvil":5,"minecraft:mob_kills":63,"minecraft:animals_bred":2,"minecraft:interact_with_crafting_table":53,"minecraft:interact_with_campfire":4,"minecraft:leave_game":9,"minecraft:time_since_death":89462,"minecraft:climb_one_cm":99,"minecraft:damage_resisted":28,"minecraft:sprint_one_cm":235995,"minecraft:walk_one_cm":1030344,"minecraft:damage_blocked_by_shield":8685,"minecraft:drop":95,"minecraft:play_time":479346,"minecraft:deaths":25,"minecraft:sneak_time":6679,"minecraft:walk_under_water_one_cm":44262,"minecraft:boat_one_cm":261630,"minecraft:jump":3688,"minecraft:interact_with_blast_furnace":71,"minecraft:walk_on_water_one_cm":62189,"minecraft:total_world_time":479346,"minecraft:interact_with_furnace":32,"minecraft:play_record":1,"minecraft:interact_with_stonecutter":1,"minecraft:sleep_in_bed":19,"minecraft:time_since_rest":1623,"minecraft:damage_taken":8743,"minecraft:damage_absorbed":88,"minecraft:damage_dealt":10842,"minecraft:fly_one_cm":2114913,"minecraft:crouch_one_cm":3603,"minecraft:open_chest":156,"minecraft:interact_with_smoker":20,"minecraft:fall_one_cm":79692},"minecraft:used":{"minecraft:stone_sword":24,"minecraft:iron_shovel":31,"minecraft:flint_and_steel":1,"minecraft:poppy":3,"farmersdelight:cabbage_seeds":15,"minecraft:shield":153,"farmersdelight:cabbage":2,"minecraft:iron_sword":81,"minecraft:rotten_flesh":1,"minecraft:iron_chestplate":5,"minecraft:torch":163,"minecraft:dirt":30,"minecraft:anvil":1,"minecraft:carrot":2,"minecraft:golden_shovel":7,"minecraft:azure_bluet":1,"minecraft:obsidian":4,"minecraft:warden_spawn_egg":1,"minecraft:iron_hoe":166,"mutantmonsters:spider_pig_spawn_egg":18,"minecraft:lava_bucket":7,"farmersdelight:tomato":1,"quark:deepslate_furnace":1,"minecraft:iron_axe":67,"minecraft:grass_block":2,"endofherobrine:villager_spawn_egg":1,"farmersdelight:rotten_tomato":1,"minecraft:iron_helmet":1,"minecraft:iron_boots":4,"farmersdelight:bacon_sandwich":1,"quark:black_stool":3,"farmersdelight:cutting_board":4,"minecraft:bow":19,"minecraft:oak_sapling":8,"minecraft:furnace":2,"farmersdelight:tomato_seeds":6,"minecraft:cobbled_deepslate":25,"minecraft:enchanted_golden_apple":4,"minecraft:iron_leggings":2,"minecraft:wheat_seeds":35,"minecraft:water_bucket":29,"minecraft:stonecutter":1,"farmersdelight:tomato_crate":1,"minecraft:sugar_cane":27,"minecraft:stone_pickaxe":177,"minecraft:oak_planks":1,"minecraft:prismarine_stairs":1,"minecraft:wooden_pickaxe":59,"biomesoplenty:palm_boat":2,"endofherobrine:zombie_spawn_egg":1,"minecraft:golden_hoe":34,"minecraft:crafting_table":2,"minecraft:blast_furnace":4,"minecraft:campfire":11,"quark:light_gray_stool":5,"minecraft:black_bed":1,"minecraft:smoker":1,"minecraft:oak_log":1,"littleframes:creative_pic_frame":2,"minecraft:diamond_pickaxe":43,"minecraft:iron_pickaxe":516,"minecraft:music_disc_mall":1,"minecraft:bread":1,"minecraft:pig_spawn_egg":7,"minecraft:gravel":4,"minecraft:deepslate":2,"minecraft:stone_axe":74,"farmersdelight:cooked_bacon":1,"minecraft:cobblestone":96,"minecraft:cooked_porkchop":23,"minecraft:bucket":25,"quark:oak_chest":4,"minecraft:jukebox":1,"minecraft:bone_meal":37},"minecraft:killed":{"endofherobrine:silverfish":1,"minecraft:cave_spider":1,"minecraft:zombified_piglin":3,"minecraft:witch":1,"minecraft:spider":4,"minecraft:skeleton":10,"minecraft:chicken":4,"minecraft:pig":4,"minecraft:zombie_villager":1,"minecraft:creeper":3,"minecraft:zombie":20,"minecraft:cow":1},"minecraft:mined":{"minecraft:crying_obsidian":1,"minecraft:tuff":12,"minecraft:oak_sapling":5,"minecraft:deepslate_diamond_ore":18,"minecraft:jungle_leaves":1,"farmersdelight:tomato_crate":1,"minecraft:obsidian":12,"minecraft:grass_block":39,"minecraft:jungle_log":3,"farmersdelight:tomatoes":2,"biomesoplenty:palm_log":10,"minecraft:raw_iron_block":2,"minecraft:redstone_ore":3,"minecraft:furnace":2,"minecraft:iron_ore":156,"minecraft:andesite":4,"minecraft:deepslate_lapis_ore":8,"minecraft:azure_bluet":1,"minecraft:gold_block":1,"minecraft:deepslate_iron_ore":132,"minecraft:stone":118,"minecraft:deepslate_redstone_ore":23,"minecraft:crafting_table":1,"minecraft:torch":3,"minecraft:blast_furnace":3,"minecraft:poppy":3,"minecraft:campfire":3,"endofherobrine:glowing_obsidian":1,"farmersdelight:cabbages":3,"minecraft:tall_grass":26,"minecraft:cobblestone":1,"minecraft:deepslate_gold_ore":18,"minecraft:sugar_cane":12,"minecraft:wall_torch":2,"quark:light_gray_stool":2,"minecraft:wheat":5,"farmersdelight:cutting_board":2,"minecraft:grass":343,"minecraft:coal_ore":116,"minecraft:oak_log":29,"minecraft:gravel":23,"minecraft:dirt":13,"minecraft:gold_ore":8,"minecraft:deepslate":135},"minecraft:picked_up":{"minecraft:azure_bluet":1,"minecraft:charcoal":6,"minecraft:iron_chestplate":10,"minecraft:crafting_table":1,"minecraft:wheat":68,"quark:torch_arrow":147,"minecraft:chicken":4,"minecraft:gold_block":1,"minecraft:enchanted_book":4,"minecraft:golden_shovel":1,"minecraft:shield":9,"farmersdelight:cutting_board":3,"minecraft:polished_deepslate":60,"minecraft:string":34,"minecraft:raw_copper":52,"minecraft:iron_axe":4,"minecraft:flint_and_steel":5,"minecraft:iron_leggings":5,"minecraft:iron_shovel":5,"minecraft:gold_nugget":4,"minecraft:cobbled_deepslate":313,"minecraft:bucket":2,"farmersdelight:cabbage":31,"minecraft:beef":3,"minecraft:poppy":3,"minecraft:jungle_sapling":1,"minecraft:iron_pickaxe":8,"minecraft:sugar_cane":26,"farmersdelight:cabbage_seeds":91,"minecraft:iron_boots":8,"minecraft:furnace":2,"minecraft:stick":64,"minecraft:raw_iron":447,"farmersdelight:rotten_tomato":1,"minecraft:copper_ingot":2,"minecraft:torch":106,"minecraft:porkchop":9,"farmersdelight:tomato_seeds":11,"minecraft:carrot":25,"minecraft:redstone":128,"minecraft:iron_horse_armor":2,"quark:ancient_tome":2,"minecraft:stone_sword":1,"farmersdelight:fried_egg":4,"farmersdelight:tomato_crate":1,"minecraft:arrow":126,"minecraft:rotten_flesh":73,"biomesoplenty:palm_log":10,"minecraft:golden_hoe":2,"farmersdelight:rope":24,"minecraft:saddle":2,"minecraft:obsidian":12,"minecraft:skeleton_skull":3,"minecraft:bone_block":80,"minecraft:cobblestone":411,"minecraft:feather":4,"minecraft:andesite":4,"minecraft:glow_ink_sac":4,"minecraft:water_bucket":8,"minecraft:jungle_log":5,"immersive_aircraft:warship":1,"minecraft:flint":1,"farmersdelight:bacon":10,"minecraft:tuff":22,"minecraft:oak_log":52,"minecraft:gunpowder":1041,"vanillatweaks:crafting_pad":6,"minecraft:lapis_lazuli":46,"farmersdelight:tomato":46,"minecraft:dirt":50,"minecraft:name_tag":3,"minecraft:bone":72,"minecraft:apple":2,"minecraft:bow":6,"minecraft:wheat_seeds":228,"minecraft:raw_gold":30,"minecraft:iron_ingot":56,"biomesoplenty:palm_boat":2,"minecraft:iron_sword":7,"minecraft:oak_planks":1,"quark:light_gray_stool":2,"minecraft:cooked_porkchop":245,"minecraft:music_disc_13":2,"minecraft:raw_iron_block":2,"minecraft:gravel":16,"minecraft:blast_furnace":5,"minecraft:crying_obsidian":1,"minecraft:spider_eye":4,"minecraft:iron_hoe":6,"minecraft:music_disc_mall":3,"minecraft:sugar":2,"minecraft:diamond":32,"minecraft:stone_axe":3,"minecraft:iron_helmet":5,"minecraft:granite":3,"minecraft:bone_meal":55,"minecraft:bread":8,"minecraft:oak_sapling":8,"minecraft:coal":549,"minecraft:diamond_pickaxe":3},"minecraft:dropped":{"minecraft:enchanted_book":1,"minecraft:iron_sword":1,"minecraft:wheat_seeds":1,"minecraft:cobblestone":6,"minecraft:grass_block":1,"quark:light_gray_stool":1,"minecraft:flint":1,"minecraft:lava_bucket":1,"minecraft:torch":4,"minecraft:bone_meal":1,"minecraft:gold_nugget":2,"ad_astra:oil_bucket":1,"quark:black_stool":1,"quark:oak_chest":1,"minecraft:bone":1,"minecraft:gravel":4,"mobbattle:mob_kill":1,"minecraft:cobbled_deepslate":1,"minecraft:pig_spawn_egg":1,"minecraft:deepslate":52,"minecraft:tuff":22,"minecraft:wheat":2,"minecraft:carrot":2,"minecraft:prismarine_stairs":1,"farmersdelight:cutting_board":1,"vanillatweaks:fried_egg":2},"minecraft:killed_by":{"minecraft:creeper":2,"quark:forgotten":1,"minecraft:cave_spider":2,"mutantmonsters:mutant_skeleton":4,"minecraft:skeleton":8,"minecraft:witch":1,"minecraft:zombie":2,"mowziesmobs:umvuthana_raptor":1},"minecraft:crafted":{"biomesoplenty:palm_boat":1,"minecraft:smooth_stone":6,"minecraft:oak_planks":112,"minecraft:jukebox":1,"minecraft:furnace":2,"minecraft:blast_furnace":1,"minecraft:stone":9,"minecraft:bone_meal":90,"minecraft:flint_and_steel":1,"minecraft:bow":1,"minecraft:iron_boots":3,"minecraft:leather":21,"minecraft:polished_deepslate":60,"farmersdelight:tomato_crate":2,"farmersdelight:carrot_crate":1,"minecraft:iron_axe":1,"farmersdelight:bacon_sandwich":2,"minecraft:stone_pickaxe":1,"minecraft:redstone_block":10,"minecraft:raw_iron_block":21,"minecraft:coal_block":5,"farmersdelight:tomato_seeds":1,"minecraft:crafting_table":3,"vanillatweaks:fried_egg":2,"farmersdelight:cabbage_crate":1,"minecraft:iron_helmet":2,"vanillatweaks:crafting_pad":5,"minecraft:wooden_pickaxe":1,"farmersdelight:egg_sandwich":1,"minecraft:iron_sword":2,"minecraft:bowl":4,"minecraft:copper_ingot":22,"minecraft:gold_block":1,"minecraft:bucket":1,"minecraft:stone_axe":1,"minecraft:bread":10,"minecraft:air":0,"minecraft:jungle_planks":12,"farmersdelight:bacon_and_eggs":1,"farmersdelight:cutting_board":2,"minecraft:iron_chestplate":2,"minecraft:charcoal":18,"minecraft:diamond_pickaxe":1,"quark:torch_arrow":58,"minecraft:shield":3,"minecraft:stick":28,"quark:oak_chest":1,"minecraft:stonecutter":1,"minecraft:iron_ingot":155,"minecraft:iron_pickaxe":4,"minecraft:iron_block":26,"minecraft:stone_sword":1,"minecraft:gold_ingot":20,"minecraft:iron_leggings":3,"minecraft:iron_shovel":1,"farmersdelight:cooked_bacon":10,"minecraft:torch":120,"biomesoplenty:palm_planks":40},"minecraft:broken":{"minecraft:wooden_pickaxe":1,"minecraft:stone_pickaxe":1,"minecraft:shield":1}},"DataVersion":3465}