{"stats":{"minecraft:custom":{"minecraft:interact_with_anvil":5,"minecraft:mob_kills":63,"minecraft:animals_bred":2,"minecraft:interact_with_crafting_table":51,"minecraft:interact_with_campfire":4,"minecraft:leave_game":8,"minecraft:time_since_death":50934,"minecraft:climb_one_cm":99,"minecraft:damage_resisted":28,"minecraft:sprint_one_cm":196308,"minecraft:walk_one_cm":949175,"minecraft:damage_blocked_by_shield":8685,"minecraft:drop":90,"minecraft:play_time":440818,"minecraft:deaths":25,"minecraft:sneak_time":5243,"minecraft:walk_under_water_one_cm":42655,"minecraft:boat_one_cm":261630,"minecraft:jump":3293,"minecraft:interact_with_blast_furnace":63,"minecraft:walk_on_water_one_cm":57968,"minecraft:total_world_time":440818,"minecraft:interact_with_furnace":26,"minecraft:play_record":1,"minecraft:sleep_in_bed":17,"minecraft:time_since_rest":13842,"minecraft:damage_taken":8618,"minecraft:damage_absorbed":88,"minecraft:damage_dealt":10842,"minecraft:fly_one_cm":2004424,"minecraft:crouch_one_cm":2442,"minecraft:open_chest":137,"minecraft:interact_with_smoker":20,"minecraft:fall_one_cm":73240},"minecraft:used":{"minecraft:stone_sword":24,"minecraft:iron_shovel":31,"minecraft:flint_and_steel":1,"farmersdelight:cabbage_seeds":15,"minecraft:shield":153,"farmersdelight:cabbage":2,"minecraft:iron_sword":79,"minecraft:rotten_flesh":1,"minecraft:iron_chestplate":5,"minecraft:torch":155,"minecraft:dirt":7,"minecraft:anvil":1,"minecraft:carrot":2,"minecraft:golden_shovel":7,"minecraft:obsidian":4,"minecraft:warden_spawn_egg":1,"minecraft:iron_hoe":124,"mutantmonsters:spider_pig_spawn_egg":18,"farmersdelight:tomato":1,"quark:deepslate_furnace":1,"minecraft:iron_axe":67,"minecraft:grass_block":2,"endofherobrine:villager_spawn_egg":1,"farmersdelight:rotten_tomato":1,"minecraft:iron_helmet":1,"minecraft:iron_boots":4,"farmersdelight:bacon_sandwich":1,"quark:black_stool":3,"farmersdelight:cutting_board":4,"minecraft:bow":19,"minecraft:oak_sapling":8,"minecraft:furnace":2,"farmersdelight:tomato_seeds":6,"minecraft:cobbled_deepslate":25,"minecraft:enchanted_golden_apple":4,"minecraft:iron_leggings":2,"minecraft:wheat_seeds":35,"minecraft:water_bucket":13,"farmersdelight:tomato_crate":1,"minecraft:stone_pickaxe":177,"minecraft:oak_planks":1,"minecraft:prismarine_stairs":1,"minecraft:wooden_pickaxe":59,"biomesoplenty:palm_boat":2,"endofherobrine:zombie_spawn_egg":1,"minecraft:golden_hoe":34,"minecraft:crafting_table":2,"minecraft:blast_furnace":4,"minecraft:campfire":11,"quark:light_gray_stool":5,"minecraft:black_bed":1,"minecraft:smoker":1,"minecraft:oak_log":1,"littleframes:creative_pic_frame":2,"minecraft:diamond_pickaxe":28,"minecraft:iron_pickaxe":446,"minecraft:music_disc_mall":1,"minecraft:bread":1,"minecraft:pig_spawn_egg":7,"minecraft:gravel":4,"minecraft:deepslate":2,"minecraft:stone_axe":74,"farmersdelight:cooked_bacon":1,"minecraft:cobblestone":96,"minecraft:cooked_porkchop":19,"minecraft:bucket":11,"quark:oak_chest":4,"minecraft:jukebox":1,"minecraft:bone_meal":36},"minecraft:killed":{"endofherobrine:silverfish":1,"minecraft:cave_spider":1,"minecraft:zombified_piglin":3,"minecraft:witch":1,"minecraft:spider":4,"minecraft:skeleton":10,"minecraft:chicken":4,"minecraft:pig":4,"minecraft:zombie_villager":1,"minecraft:creeper":3,"minecraft:zombie":20,"minecraft:cow":1},"minecraft:mined":{"minecraft:tuff":12,"minecraft:oak_sapling":5,"minecraft:deepslate_diamond_ore":15,"minecraft:jungle_leaves":1,"farmersdelight:tomato_crate":1,"minecraft:obsidian":4,"minecraft:grass_block":35,"minecraft:jungle_log":3,"farmersdelight:tomatoes":2,"biomesoplenty:palm_log":10,"minecraft:raw_iron_block":2,"minecraft:redstone_ore":3,"minecraft:furnace":2,"minecraft:iron_ore":156,"minecraft:andesite":4,"minecraft:deepslate_lapis_ore":8,"minecraft:gold_block":1,"minecraft:deepslate_iron_ore":131,"minecraft:stone":118,"minecraft:deepslate_redstone_ore":12,"minecraft:crafting_table":1,"minecraft:torch":2,"minecraft:blast_furnace":3,"minecraft:campfire":3,"endofherobrine:glowing_obsidian":1,"farmersdelight:cabbages":3,"minecraft:tall_grass":14,"minecraft:cobblestone":1,"minecraft:deepslate_gold_ore":18,"minecraft:wall_torch":2,"quark:light_gray_stool":2,"minecraft:wheat":5,"farmersdelight:cutting_board":2,"minecraft:grass":257,"minecraft:coal_ore":116,"minecraft:oak_log":29,"minecraft:gravel":14,"minecraft:dirt":11,"minecraft:gold_ore":8,"minecraft:deepslate":83},"minecraft:picked_up":{"minecraft:charcoal":6,"minecraft:iron_chestplate":10,"minecraft:crafting_table":1,"minecraft:wheat":68,"quark:torch_arrow":147,"minecraft:chicken":4,"minecraft:gold_block":1,"minecraft:enchanted_book":4,"minecraft:golden_shovel":1,"minecraft:shield":9,"farmersdelight:cutting_board":3,"minecraft:polished_deepslate":60,"minecraft:string":34,"minecraft:raw_copper":52,"minecraft:iron_axe":4,"minecraft:flint_and_steel":5,"minecraft:iron_leggings":5,"minecraft:iron_shovel":5,"minecraft:gold_nugget":4,"minecraft:cobbled_deepslate":271,"minecraft:bucket":2,"farmersdelight:cabbage":31,"minecraft:beef":3,"minecraft:jungle_sapling":1,"minecraft:iron_pickaxe":8,"farmersdelight:cabbage_seeds":91,"minecraft:iron_boots":8,"minecraft:furnace":2,"minecraft:stick":64,"minecraft:raw_iron":446,"farmersdelight:rotten_tomato":1,"minecraft:copper_ingot":2,"minecraft:torch":105,"minecraft:porkchop":9,"farmersdelight:tomato_seeds":11,"minecraft:carrot":25,"minecraft:redstone":80,"minecraft:iron_horse_armor":2,"quark:ancient_tome":2,"minecraft:stone_sword":1,"farmersdelight:fried_egg":4,"farmersdelight:tomato_crate":1,"minecraft:arrow":126,"minecraft:rotten_flesh":73,"biomesoplenty:palm_log":10,"minecraft:golden_hoe":2,"farmersdelight:rope":24,"minecraft:saddle":2,"minecraft:obsidian":4,"minecraft:skeleton_skull":3,"minecraft:bone_block":80,"minecraft:cobblestone":411,"minecraft:feather":4,"minecraft:andesite":4,"minecraft:glow_ink_sac":4,"minecraft:water_bucket":8,"minecraft:jungle_log":5,"immersive_aircraft:warship":1,"minecraft:flint":1,"farmersdelight:bacon":10,"minecraft:tuff":22,"minecraft:oak_log":52,"minecraft:gunpowder":1041,"vanillatweaks:crafting_pad":6,"minecraft:lapis_lazuli":46,"farmersdelight:tomato":46,"minecraft:dirt":44,"minecraft:name_tag":3,"minecraft:bone":72,"minecraft:apple":2,"minecraft:bow":6,"minecraft:wheat_seeds":218,"minecraft:raw_gold":30,"minecraft:iron_ingot":56,"biomesoplenty:palm_boat":2,"minecraft:iron_sword":6,"minecraft:oak_planks":1,"quark:light_gray_stool":2,"minecraft:cooked_porkchop":245,"minecraft:music_disc_13":2,"minecraft:raw_iron_block":2,"minecraft:gravel":8,"minecraft:blast_furnace":5,"minecraft:spider_eye":4,"minecraft:iron_hoe":6,"minecraft:music_disc_mall":3,"minecraft:sugar":2,"minecraft:diamond":25,"minecraft:stone_axe":3,"minecraft:iron_helmet":5,"minecraft:granite":3,"minecraft:bone_meal":54,"minecraft:bread":8,"minecraft:oak_sapling":8,"minecraft:coal":549,"minecraft:diamond_pickaxe":3},"minecraft:dropped":{"minecraft:enchanted_book":1,"minecraft:wheat_seeds":1,"minecraft:cobblestone":6,"minecraft:grass_block":1,"quark:light_gray_stool":1,"minecraft:torch":4,"minecraft:gold_nugget":2,"ad_astra:oil_bucket":1,"quark:black_stool":1,"quark:oak_chest":1,"minecraft:gravel":4,"mobbattle:mob_kill":1,"minecraft:cobbled_deepslate":1,"minecraft:pig_spawn_egg":1,"minecraft:deepslate":52,"minecraft:tuff":22,"minecraft:wheat":2,"minecraft:carrot":2,"minecraft:prismarine_stairs":1,"farmersdelight:cutting_board":1,"vanillatweaks:fried_egg":2},"minecraft:killed_by":{"minecraft:creeper":2,"quark:forgotten":1,"minecraft:cave_spider":2,"mutantmonsters:mutant_skeleton":4,"minecraft:skeleton":8,"minecraft:witch":1,"minecraft:zombie":2,"mowziesmobs:umvuthana_raptor":1},"minecraft:crafted":{"biomesoplenty:palm_boat":1,"minecraft:smooth_stone":6,"minecraft:oak_planks":112,"minecraft:jukebox":1,"minecraft:furnace":2,"minecraft:blast_furnace":1,"minecraft:stone":6,"minecraft:bone_meal":90,"minecraft:flint_and_steel":1,"minecraft:bow":1,"minecraft:iron_boots":3,"minecraft:leather":16,"minecraft:polished_deepslate":60,"farmersdelight:tomato_crate":2,"farmersdelight:carrot_crate":1,"minecraft:iron_axe":1,"farmersdelight:bacon_sandwich":2,"minecraft:stone_pickaxe":1,"minecraft:redstone_block":4,"minecraft:raw_iron_block":21,"minecraft:coal_block":5,"farmersdelight:tomato_seeds":1,"minecraft:crafting_table":3,"vanillatweaks:fried_egg":2,"farmersdelight:cabbage_crate":1,"minecraft:iron_helmet":2,"vanillatweaks:crafting_pad":5,"minecraft:wooden_pickaxe":1,"farmersdelight:egg_sandwich":1,"minecraft:iron_sword":2,"minecraft:bowl":4,"minecraft:copper_ingot":22,"minecraft:gold_block":1,"minecraft:bucket":1,"minecraft:stone_axe":1,"minecraft:bread":10,"minecraft:air":0,"minecraft:jungle_planks":12,"farmersdelight:bacon_and_eggs":1,"farmersdelight:cutting_board":2,"minecraft:iron_chestplate":2,"minecraft:charcoal":18,"minecraft:diamond_pickaxe":1,"quark:torch_arrow":58,"minecraft:shield":3,"minecraft:stick":28,"quark:oak_chest":1,"minecraft:iron_ingot":154,"minecraft:iron_pickaxe":4,"minecraft:iron_block":26,"minecraft:stone_sword":1,"minecraft:gold_ingot":17,"minecraft:iron_leggings":3,"minecraft:iron_shovel":1,"farmersdelight:cooked_bacon":10,"minecraft:torch":116,"biomesoplenty:palm_planks":40},"minecraft:broken":{"minecraft:wooden_pickaxe":1,"minecraft:stone_pickaxe":1,"minecraft:shield":1}},"DataVersion":3465}