{"stats":{"minecraft:dropped":{"minecraft:diorite":1},"minecraft:used":{"minecraft:netherite_sword":4,"minecraft:diorite":5,"minecraft:rail":5,"minecraft:grass_block":1,"minecraft:tnt_minecart":520,"minecraft:repeating_command_block":1,"minecraft:stone":27,"minecraft:granite":1},"minecraft:killed":{"minecraft:spider":1,"minecraft:creeper":1},"minecraft:picked_up":{"minecraft:cobbled_deepslate":2},"minecraft:custom":{"minecraft:time_since_rest":25701,"minecraft:sprint_one_cm":526,"minecraft:play_time":25701,"minecraft:walk_one_cm":10180,"minecraft:damage_taken":100,"minecraft:sneak_time":56,"minecraft:mob_kills":2,"minecraft:drop":1,"minecraft:jump":80,"minecraft:damage_dealt":360,"minecraft:leave_game":11,"minecraft:time_since_death":25701,"minecraft:climb_one_cm":2275,"minecraft:total_world_time":25701,"minecraft:fall_one_cm":2027,"minecraft:fly_one_cm":38720}},"DataVersion":3465}