{"stats":{"minecraft:killed_by":{"minecraft:skeleton":2,"minecraft:creeper":1},"minecraft:mined":{"minecraft:deepslate_redstone_ore":5,"minecraft:jungle_leaves":1,"minecraft:blast_furnace":2,"minecraft:jungle_log":3,"minecraft:tall_grass":3,"minecraft:deepslate_gold_ore":13,"minecraft:wall_torch":1,"biomesoplenty:palm_log":10,"minecraft:redstone_ore":3,"minecraft:furnace":2,"minecraft:iron_ore":76,"minecraft:andesite":4,"minecraft:deepslate_lapis_ore":8,"minecraft:grass":13,"minecraft:oak_log":15,"minecraft:coal_ore":98,"minecraft:deepslate_iron_ore":18,"minecraft:gravel":3,"minecraft:stone":80,"minecraft:gold_ore":5,"minecraft:deepslate":15},"minecraft:crafted":{"biomesoplenty:palm_boat":1,"minecraft:smooth_stone":6,"minecraft:oak_planks":56,"minecraft:crafting_table":1,"minecraft:wooden_pickaxe":1,"vanillatweaks:crafting_pad":2,"minecraft:iron_helmet":1,"minecraft:furnace":2,"minecraft:blast_furnace":1,"minecraft:stone":6,"minecraft:bucket":1,"minecraft:stone_axe":1,"minecraft:air":0,"minecraft:jungle_planks":12,"minecraft:iron_boots":1,"minecraft:iron_chestplate":1,"quark:torch_arrow":1,"minecraft:shield":1,"minecraft:stick":28,"minecraft:iron_ingot":42,"minecraft:iron_pickaxe":1,"minecraft:stone_pickaxe":1,"minecraft:stone_sword":1,"minecraft:iron_leggings":1,"minecraft:gold_ingot":12,"minecraft:torch":68,"biomesoplenty:palm_planks":40},"minecraft:picked_up":{"minecraft:feather":4,"minecraft:chicken":4,"minecraft:andesite":4,"minecraft:jungle_log":5,"immersive_aircraft:warship":1,"minecraft:oak_log":14,"minecraft:gunpowder":1020,"minecraft:lapis_lazuli":46,"minecraft:bow":1,"minecraft:wheat_seeds":3,"minecraft:cobbled_deepslate":22,"minecraft:raw_gold":18,"minecraft:beef":3,"minecraft:jungle_sapling":1,"biomesoplenty:palm_boat":2,"minecraft:furnace":2,"minecraft:raw_iron":94,"minecraft:torch":3,"minecraft:porkchop":4,"minecraft:blast_furnace":2,"minecraft:redstone":35,"minecraft:spider_eye":1,"minecraft:arrow":4,"minecraft:rotten_flesh":3,"biomesoplenty:palm_log":10,"minecraft:granite":3,"minecraft:coal":171,"minecraft:cobblestone":85},"minecraft:custom":{"minecraft:interact_with_furnace":15,"minecraft:mob_kills":19,"minecraft:leave_game":4,"minecraft:time_since_death":30905,"minecraft:climb_one_cm":99,"minecraft:damage_resisted":28,"minecraft:time_since_rest":30982,"minecraft:sprint_one_cm":43248,"minecraft:damage_absorbed":88,"minecraft:damage_taken":1781,"minecraft:walk_one_cm":226420,"minecraft:damage_blocked_by_shield":1890,"minecraft:drop":5,"minecraft:damage_dealt":3178,"minecraft:fly_one_cm":1205642,"minecraft:open_chest":1,"minecraft:crouch_one_cm":260,"minecraft:play_time":159891,"minecraft:deaths":3,"minecraft:sneak_time":1972,"minecraft:walk_under_water_one_cm":29737,"minecraft:boat_one_cm":261630,"minecraft:jump":1130,"minecraft:interact_with_blast_furnace":17,"minecraft:walk_on_water_one_cm":16225,"minecraft:total_world_time":159891,"minecraft:fall_one_cm":22842},"minecraft:dropped":{"mobbattle:mob_kill":1,"minecraft:cobblestone":1,"minecraft:prismarine_stairs":1,"ad_astra:oil_bucket":1,"quark:black_stool":1},"minecraft:broken":{"minecraft:stone_pickaxe":1,"minecraft:wooden_pickaxe":1},"minecraft:killed":{"minecraft:pig":2,"minecraft:zombie_villager":1,"minecraft:spider":2,"minecraft:creeper":1,"minecraft:skeleton":4,"minecraft:zombie":4,"minecraft:chicken":4,"minecraft:cow":1},"minecraft:used":{"minecraft:water_bucket":7,"minecraft:stone_sword":21,"minecraft:stone_pickaxe":177,"minecraft:prismarine_stairs":1,"minecraft:wooden_pickaxe":59,"biomesoplenty:palm_boat":2,"minecraft:shield":27,"minecraft:rotten_flesh":1,"minecraft:torch":50,"endofherobrine:zombie_spawn_egg":1,"minecraft:blast_furnace":2,"minecraft:warden_spawn_egg":1,"mutantmonsters:spider_pig_spawn_egg":18,"minecraft:iron_pickaxe":98,"endofherobrine:villager_spawn_egg":1,"minecraft:iron_boots":1,"quark:black_stool":3,"minecraft:stone_axe":62,"minecraft:cobblestone":37,"minecraft:furnace":2,"minecraft:cooked_porkchop":4,"minecraft:bucket":8,"minecraft:enchanted_golden_apple":4}},"DataVersion":3465}