{"stats":{"minecraft:custom":{"minecraft:jump":88,"minecraft:time_since_rest":6008,"minecraft:damage_dealt":400,"minecraft:damage_taken":1360,"minecraft:leave_game":12,"minecraft:time_since_death":5977,"minecraft:play_time":20386,"minecraft:walk_one_cm":21505,"minecraft:sprint_one_cm":3376,"minecraft:walk_on_water_one_cm":380,"minecraft:deaths":5,"minecraft:sneak_time":284,"minecraft:total_world_time":20386,"minecraft:walk_under_water_one_cm":176,"minecraft:mob_kills":1,"minecraft:fly_one_cm":17301},"minecraft:killed_by":{"minecraft:husk":3,"minecraft:creeper":1},"minecraft:killed":{"minecraft:husk":1}},"DataVersion":3465}