{"stats":{"minecraft:custom":{"minecraft:jump":41,"minecraft:time_since_rest":11996,"minecraft:leave_game":4,"minecraft:play_time":11996,"minecraft:damage_taken":100,"minecraft:time_since_death":11996,"minecraft:walk_one_cm":5452,"minecraft:sneak_time":44,"minecraft:total_world_time":11996,"minecraft:climb_one_cm":1651,"minecraft:drop":1,"minecraft:fall_one_cm":2027,"minecraft:fly_one_cm":5841},"minecraft:dropped":{"minecraft:diorite":1},"minecraft:used":{"minecraft:repeating_command_block":1,"minecraft:diorite":5,"minecraft:stone":16,"minecraft:granite":1,"minecraft:grass_block":1}},"DataVersion":3465}