{"stats":{"minecraft:mined":{"minecraft:tuff":12,"minecraft:oak_sapling":5,"minecraft:deepslate_diamond_ore":15,"minecraft:jungle_leaves":1,"farmersdelight:tomato_crate":1,"minecraft:obsidian":4,"minecraft:grass_block":31,"minecraft:jungle_log":3,"farmersdelight:tomatoes":2,"biomesoplenty:palm_log":10,"minecraft:raw_iron_block":2,"minecraft:redstone_ore":3,"minecraft:furnace":2,"minecraft:iron_ore":156,"minecraft:andesite":4,"minecraft:deepslate_lapis_ore":8,"minecraft:gold_block":1,"minecraft:deepslate_iron_ore":131,"minecraft:stone":118,"minecraft:deepslate_redstone_ore":10,"minecraft:crafting_table":1,"minecraft:torch":2,"minecraft:blast_furnace":3,"minecraft:campfire":2,"endofherobrine:glowing_obsidian":1,"farmersdelight:cabbages":3,"minecraft:tall_grass":14,"minecraft:deepslate_gold_ore":15,"quark:light_gray_stool":2,"minecraft:wall_torch":2,"farmersdelight:cutting_board":2,"minecraft:wheat":5,"minecraft:grass":256,"minecraft:oak_log":29,"minecraft:coal_ore":116,"minecraft:gravel":6,"minecraft:dirt":11,"minecraft:gold_ore":8,"minecraft:deepslate":80},"minecraft:broken":{"minecraft:wooden_pickaxe":1,"minecraft:stone_pickaxe":1,"minecraft:shield":1},"minecraft:used":{"minecraft:stone_sword":24,"minecraft:iron_shovel":31,"minecraft:flint_and_steel":1,"farmersdelight:cabbage_seeds":15,"minecraft:shield":149,"farmersdelight:cabbage":2,"minecraft:iron_sword":63,"minecraft:rotten_flesh":1,"minecraft:iron_chestplate":5,"minecraft:torch":136,"minecraft:dirt":6,"minecraft:anvil":1,"minecraft:carrot":2,"minecraft:golden_shovel":7,"minecraft:obsidian":4,"minecraft:warden_spawn_egg":1,"minecraft:iron_hoe":124,"mutantmonsters:spider_pig_spawn_egg":18,"farmersdelight:tomato":1,"quark:deepslate_furnace":1,"minecraft:iron_axe":66,"minecraft:grass_block":2,"endofherobrine:villager_spawn_egg":1,"farmersdelight:rotten_tomato":1,"minecraft:iron_helmet":1,"minecraft:iron_boots":4,"farmersdelight:bacon_sandwich":1,"quark:black_stool":3,"farmersdelight:cutting_board":3,"minecraft:bow":19,"minecraft:oak_sapling":8,"minecraft:furnace":2,"farmersdelight:tomato_seeds":6,"minecraft:cobbled_deepslate":25,"minecraft:enchanted_golden_apple":4,"minecraft:iron_leggings":2,"minecraft:wheat_seeds":35,"minecraft:water_bucket":9,"farmersdelight:tomato_crate":1,"minecraft:stone_pickaxe":177,"minecraft:oak_planks":1,"minecraft:prismarine_stairs":1,"minecraft:wooden_pickaxe":59,"biomesoplenty:palm_boat":2,"endofherobrine:zombie_spawn_egg":1,"minecraft:golden_hoe":34,"minecraft:crafting_table":2,"minecraft:blast_furnace":4,"minecraft:campfire":9,"quark:light_gray_stool":5,"minecraft:black_bed":1,"minecraft:smoker":1,"minecraft:oak_log":1,"littleframes:creative_pic_frame":2,"minecraft:diamond_pickaxe":27,"minecraft:iron_pickaxe":433,"minecraft:bread":1,"minecraft:pig_spawn_egg":7,"minecraft:deepslate":2,"minecraft:stone_axe":74,"farmersdelight:cooked_bacon":1,"minecraft:cobblestone":92,"minecraft:cooked_porkchop":16,"minecraft:bucket":9,"quark:oak_chest":4,"minecraft:bone_meal":36},"minecraft:killed_by":{"minecraft:creeper":2,"quark:forgotten":1,"minecraft:cave_spider":2,"mutantmonsters:mutant_skeleton":4,"minecraft:skeleton":8,"minecraft:witch":1,"minecraft:zombie":2,"mowziesmobs:umvuthana_raptor":1},"minecraft:picked_up":{"minecraft:charcoal":4,"minecraft:crafting_table":1,"minecraft:iron_chestplate":10,"minecraft:wheat":68,"quark:torch_arrow":147,"minecraft:chicken":4,"minecraft:gold_block":1,"minecraft:enchanted_book":4,"minecraft:golden_shovel":1,"minecraft:shield":9,"farmersdelight:cutting_board":2,"minecraft:polished_deepslate":60,"minecraft:string":34,"minecraft:raw_copper":52,"minecraft:iron_axe":4,"minecraft:flint_and_steel":5,"minecraft:iron_leggings":5,"minecraft:iron_shovel":5,"minecraft:gold_nugget":4,"minecraft:cobbled_deepslate":268,"minecraft:bucket":2,"farmersdelight:cabbage":31,"minecraft:beef":3,"minecraft:jungle_sapling":1,"minecraft:iron_pickaxe":8,"farmersdelight:cabbage_seeds":91,"minecraft:iron_boots":8,"minecraft:furnace":2,"minecraft:stick":64,"minecraft:raw_iron":446,"farmersdelight:rotten_tomato":1,"minecraft:copper_ingot":2,"minecraft:torch":105,"minecraft:porkchop":9,"farmersdelight:tomato_seeds":11,"minecraft:carrot":25,"minecraft:redstone":71,"minecraft:iron_horse_armor":2,"quark:ancient_tome":2,"minecraft:stone_sword":1,"farmersdelight:fried_egg":4,"farmersdelight:tomato_crate":1,"minecraft:arrow":124,"minecraft:rotten_flesh":70,"biomesoplenty:palm_log":10,"minecraft:golden_hoe":2,"farmersdelight:rope":24,"minecraft:saddle":2,"minecraft:obsidian":4,"minecraft:skeleton_skull":3,"minecraft:bone_block":80,"minecraft:cobblestone":410,"minecraft:feather":4,"minecraft:andesite":4,"minecraft:glow_ink_sac":4,"minecraft:water_bucket":8,"minecraft:jungle_log":5,"immersive_aircraft:warship":1,"farmersdelight:bacon":10,"minecraft:tuff":22,"minecraft:oak_log":52,"minecraft:gunpowder":1039,"vanillatweaks:crafting_pad":6,"minecraft:lapis_lazuli":46,"farmersdelight:tomato":46,"minecraft:dirt":40,"minecraft:name_tag":3,"minecraft:bone":71,"minecraft:apple":2,"minecraft:bow":6,"minecraft:wheat_seeds":218,"minecraft:raw_gold":27,"minecraft:iron_ingot":56,"biomesoplenty:palm_boat":2,"minecraft:oak_planks":1,"minecraft:iron_sword":6,"quark:light_gray_stool":2,"minecraft:cooked_porkchop":244,"minecraft:music_disc_13":2,"minecraft:raw_iron_block":2,"minecraft:gravel":4,"minecraft:blast_furnace":5,"minecraft:spider_eye":4,"minecraft:iron_hoe":6,"minecraft:music_disc_mall":3,"minecraft:sugar":2,"minecraft:diamond":25,"minecraft:stone_axe":3,"minecraft:iron_helmet":5,"minecraft:granite":3,"minecraft:bone_meal":54,"minecraft:bread":8,"minecraft:oak_sapling":8,"minecraft:coal":549,"minecraft:diamond_pickaxe":3},"minecraft:dropped":{"minecraft:enchanted_book":1,"minecraft:wheat_seeds":1,"minecraft:cobblestone":6,"minecraft:grass_block":1,"quark:light_gray_stool":1,"minecraft:torch":4,"minecraft:gold_nugget":2,"ad_astra:oil_bucket":1,"quark:black_stool":1,"quark:oak_chest":1,"minecraft:gravel":4,"mobbattle:mob_kill":1,"minecraft:cobbled_deepslate":1,"minecraft:pig_spawn_egg":1,"minecraft:deepslate":52,"minecraft:tuff":22,"minecraft:wheat":2,"minecraft:carrot":2,"minecraft:prismarine_stairs":1,"vanillatweaks:fried_egg":2},"minecraft:killed":{"endofherobrine:silverfish":1,"minecraft:cave_spider":1,"minecraft:zombified_piglin":3,"minecraft:witch":1,"minecraft:spider":4,"minecraft:skeleton":9,"minecraft:chicken":4,"minecraft:pig":4,"minecraft:zombie_villager":1,"minecraft:creeper":1,"minecraft:zombie":18,"minecraft:cow":1},"minecraft:custom":{"minecraft:interact_with_anvil":5,"minecraft:mob_kills":58,"minecraft:animals_bred":2,"minecraft:interact_with_crafting_table":46,"minecraft:interact_with_campfire":4,"minecraft:leave_game":6,"minecraft:time_since_death":26391,"minecraft:climb_one_cm":99,"minecraft:damage_resisted":28,"minecraft:sprint_one_cm":163809,"minecraft:walk_one_cm":870217,"minecraft:damage_blocked_by_shield":8430,"minecraft:drop":89,"minecraft:play_time":416275,"minecraft:deaths":25,"minecraft:sneak_time":5227,"minecraft:walk_under_water_one_cm":39177,"minecraft:boat_one_cm":261630,"minecraft:jump":3049,"minecraft:interact_with_blast_furnace":63,"minecraft:walk_on_water_one_cm":45917,"minecraft:total_world_time":416275,"minecraft:interact_with_furnace":26,"minecraft:sleep_in_bed":14,"minecraft:time_since_rest":6660,"minecraft:damage_taken":8339,"minecraft:damage_absorbed":88,"minecraft:damage_dealt":10172,"minecraft:fly_one_cm":1971190,"minecraft:open_chest":114,"minecraft:crouch_one_cm":2442,"minecraft:interact_with_smoker":20,"minecraft:fall_one_cm":69062},"minecraft:crafted":{"biomesoplenty:palm_boat":1,"minecraft:smooth_stone":6,"minecraft:oak_planks":112,"minecraft:furnace":2,"minecraft:blast_furnace":1,"minecraft:stone":6,"minecraft:bone_meal":90,"minecraft:flint_and_steel":1,"minecraft:bow":1,"minecraft:iron_boots":3,"minecraft:leather":16,"minecraft:polished_deepslate":60,"farmersdelight:tomato_crate":2,"farmersdelight:carrot_crate":1,"minecraft:iron_axe":1,"farmersdelight:bacon_sandwich":2,"minecraft:stone_pickaxe":1,"minecraft:redstone_block":4,"minecraft:raw_iron_block":21,"minecraft:coal_block":5,"farmersdelight:tomato_seeds":1,"minecraft:crafting_table":2,"vanillatweaks:fried_egg":2,"farmersdelight:cabbage_crate":1,"minecraft:iron_helmet":2,"minecraft:wooden_pickaxe":1,"vanillatweaks:crafting_pad":4,"farmersdelight:egg_sandwich":1,"minecraft:iron_sword":2,"minecraft:bowl":4,"minecraft:copper_ingot":22,"minecraft:gold_block":1,"minecraft:bucket":1,"minecraft:stone_axe":1,"minecraft:bread":10,"minecraft:air":0,"minecraft:jungle_planks":12,"farmersdelight:bacon_and_eggs":1,"farmersdelight:cutting_board":1,"minecraft:iron_chestplate":2,"minecraft:diamond_pickaxe":1,"minecraft:charcoal":18,"quark:torch_arrow":58,"minecraft:shield":3,"minecraft:stick":28,"quark:oak_chest":1,"minecraft:iron_ingot":154,"minecraft:iron_pickaxe":3,"minecraft:iron_shovel":1,"minecraft:iron_block":26,"minecraft:stone_sword":1,"minecraft:gold_ingot":17,"minecraft:iron_leggings":3,"farmersdelight:cooked_bacon":10,"minecraft:torch":116,"biomesoplenty:palm_planks":40}},"DataVersion":3465}