{"stats":{"minecraft:killed":{"minecraft:spider":1,"minecraft:salmon":16,"minecraft:creeper":1,"minecraft:sheep":7,"minecraft:zombie":5},"minecraft:custom":{"minecraft:mob_kills":31,"minecraft:interact_with_crafting_table":6,"minecraft:bell_ring":1,"minecraft:leave_game":24,"minecraft:time_since_death":135025,"minecraft:climb_one_cm":1756,"minecraft:sprint_one_cm":144274,"minecraft:walk_one_cm":569192,"minecraft:drop":94,"minecraft:talked_to_villager":5,"minecraft:play_time":475047,"minecraft:deaths":6,"minecraft:sneak_time":2056,"minecraft:walk_under_water_one_cm":41700,"minecraft:boat_one_cm":314937,"minecraft:jump":1491,"minecraft:walk_on_water_one_cm":37072,"minecraft:total_world_time":475047,"minecraft:interact_with_furnace":14,"minecraft:sleep_in_bed":4,"minecraft:time_since_rest":135056,"minecraft:damage_taken":1888,"minecraft:damage_dealt":3171,"minecraft:swim_one_cm":28435,"minecraft:fly_one_cm":1757947,"minecraft:open_chest":3,"minecraft:crouch_one_cm":270,"minecraft:fall_one_cm":10796},"minecraft:dropped":{"minecraft:water_bucket":13,"minecraft:wheat_seeds":3,"minecraft:spruce_door":1,"minecraft:grass_block":1,"minecraft:coal":1,"mca:staff_of_life":1,"minecraft:gray_wool":1,"minecraft:ice":1,"quark:music_disc_wind":1,"minecraft:brown_wool":1,"minecraft:cooked_salmon":3,"minecraft:potion":45,"minecraft:bucket":1,"minecraft:bone":2,"minecraft:diamond_hoe":1,"minecraft:composter":1,"minecraft:rotten_flesh":9,"minecraft:light_gray_wool":1,"mca:female_villager_spawn_egg":1,"minecraft:spruce_boat":1,"mca:villager_editor":1,"minecraft:spruce_planks":1,"easy_villagers:villager":4,"mca:male_villager_spawn_egg":1,"minecraft:splash_potion":1,"minecraft:black_wool":1,"minecraft:dark_oak_chest_boat":1},"minecraft:killed_by":{"minecraft:zombified_piglin":1,"minecraft:spider":1,"minecraft:iron_golem":1,"minecraft:skeleton":1,"minecraft:zombie":1},"minecraft:used":{"minecraft:stone_sword":62,"minecraft:flint_and_steel":1,"minecraft:spruce_planks":2,"minecraft:iron_sword":15,"minecraft:cooked_salmon":8,"minecraft:dirt":65,"ad_astra:tier_1_rocket":3,"minecraft:stripped_spruce_log":273,"minecraft:spruce_boat":3,"minecraft:sea_lantern":3,"minecraft:villager_spawn_egg":1,"minecraft:grass_block":72,"minecraft:piglin_brute_spawn_egg":2,"minecraft:light_gray_wool":1,"minecraft:furnace":2,"mca:staff_of_life":5,"mca:male_villager_spawn_egg":4,"minecraft:water_bucket":8,"minecraft:spruce_door":1,"minecraft:stone_pickaxe":131,"minecraft:iron_golem_spawn_egg":9,"minecraft:wooden_pickaxe":58,"simplylight:edge_light":13,"minecraft:composter":1,"simplylight:illuminant_block_on":10,"minecraft:crafting_table":3,"mca:female_villager_spawn_egg":4,"minecraft:gray_concrete":221,"minecraft:spruce_log":1,"easy_villagers:villager":27,"minecraft:apple":6,"minecraft:light_gray_concrete":94,"minecraft:iron_pickaxe":1,"ad_astra:launch_pad":1,"minecraft:spruce_sapling":2,"minecraft:gravel":1,"minecraft:stone_axe":10,"minecraft:cobblestone":1,"minecraft:purple_bed":2,"minecraft:bucket":60,"minecraft:repeating_command_block":1,"minecraft:ice":2,"minecraft:white_concrete":222,"minecraft:splash_potion":24},"minecraft:crafted":{"minecraft:furnace":1,"minecraft:enchanted_golden_apple":8,"minecraft:cooked_mutton":11,"minecraft:flint_and_steel":1,"minecraft:iron_boots":1,"minecraft:stone_pickaxe":1,"minecraft:spruce_boat":1,"minecraft:coal_block":12,"minecraft:spruce_planks":36,"minecraft:wooden_pickaxe":1,"vanillatweaks:crafting_pad":1,"minecraft:iron_helmet":1,"minecraft:cooked_salmon":16,"minecraft:stone_axe":1,"minecraft:iron_chestplate":1,"minecraft:stick":12,"minecraft:iron_ingot":1,"minecraft:stone_sword":1,"minecraft:iron_leggings":1,"minecraft:white_bed":1},"minecraft:picked_up":{"minecraft:crafting_table":3,"minecraft:iron_chestplate":1,"minecraft:wooden_pickaxe":2,"minecraft:piglin_brute_spawn_egg":1,"minecraft:potion":34,"minecraft:shield":1,"minecraft:string":3,"minecraft:iron_axe":1,"minecraft:cooked_salmon":43,"minecraft:flint_and_steel":1,"minecraft:iron_leggings":1,"minecraft:iron_shovel":2,"mca:staff_of_life":1,"minecraft:bucket":1,"minecraft:spruce_planks":5,"minecraft:iron_pickaxe":1,"minecraft:light_gray_wool":1,"minecraft:enchanted_golden_apple":16,"minecraft:coal_block":28,"minecraft:furnace":3,"minecraft:diamond_hoe":1,"minecraft:iron_boots":1,"minecraft:raw_iron":13,"easy_villagers:villager":1,"minecraft:stone_sword":1,"minecraft:rotten_flesh":15,"minecraft:shears":2,"minecraft:mutton":18,"quark:music_disc_wind":1,"minecraft:white_wool":5,"minecraft:cobblestone":231,"minecraft:water_bucket":2,"minecraft:salmon":16,"minecraft:brown_wool":1,"minecraft:flint":3,"minecraft:gunpowder":9,"vanillatweaks:crafting_pad":3,"mca:book_romance":1,"minecraft:map":1,"minecraft:cooked_mutton":8,"minecraft:bone":5,"minecraft:apple":100,"minecraft:wheat_seeds":16,"minecraft:stone_pickaxe":1,"mca:villager_editor":3,"minecraft:iron_sword":1,"minecraft:cooked_porkchop":1,"minecraft:dandelion":2,"minecraft:gravel":1,"minecraft:spruce_sapling":2,"minecraft:grass_block":1,"minecraft:white_bed":1,"minecraft:spruce_log":10,"minecraft:iron_hoe":1,"minecraft:spruce_boat":4,"minecraft:stone_axe":2,"minecraft:iron_helmet":1,"minecraft:gray_wool":1,"mobbattle:mob_armor":1,"minecraft:black_wool":1,"minecraft:coal":174,"mobbattle:mob_stick":1},"minecraft:mined":{"minecraft:spruce_leaves":27,"minecraft:furnace":1,"minecraft:iron_ore":6,"minecraft:stone":66,"minecraft:crafting_table":3,"mca:cross_headstone":1,"minecraft:spruce_log":11,"minecraft:grass":38,"minecraft:coal_ore":116,"minecraft:gravel":2},"minecraft:broken":{"minecraft:stone_pickaxe":1}},"DataVersion":3465}