{"stats":{"minecraft:killed_by":{"minecraft:skeleton":2},"minecraft:mined":{"minecraft:jungle_leaves":1,"minecraft:blast_furnace":1,"minecraft:jungle_log":3,"minecraft:tall_grass":3,"minecraft:deepslate_gold_ore":12,"minecraft:wall_torch":1,"biomesoplenty:palm_log":10,"minecraft:furnace":2,"minecraft:iron_ore":33,"minecraft:grass":13,"minecraft:coal_ore":76,"minecraft:oak_log":15,"minecraft:deepslate_iron_ore":4,"minecraft:stone":78,"minecraft:deepslate":5},"minecraft:crafted":{"biomesoplenty:palm_boat":1,"minecraft:smooth_stone":6,"minecraft:oak_planks":56,"minecraft:crafting_table":1,"vanillatweaks:crafting_pad":2,"minecraft:wooden_pickaxe":1,"minecraft:iron_helmet":1,"minecraft:furnace":2,"minecraft:blast_furnace":1,"minecraft:stone":6,"minecraft:bucket":1,"minecraft:stone_axe":1,"minecraft:air":0,"minecraft:jungle_planks":12,"minecraft:iron_boots":1,"minecraft:iron_chestplate":1,"quark:torch_arrow":1,"minecraft:shield":1,"minecraft:stick":20,"minecraft:iron_ingot":31,"minecraft:iron_pickaxe":1,"minecraft:stone_pickaxe":1,"minecraft:stone_sword":1,"minecraft:torch":32,"biomesoplenty:palm_planks":40},"minecraft:picked_up":{"minecraft:feather":4,"minecraft:chicken":4,"minecraft:jungle_log":5,"immersive_aircraft:warship":1,"minecraft:oak_log":14,"minecraft:gunpowder":1020,"minecraft:wheat_seeds":3,"minecraft:cobbled_deepslate":5,"minecraft:raw_gold":12,"minecraft:beef":3,"minecraft:jungle_sapling":1,"biomesoplenty:palm_boat":2,"minecraft:furnace":2,"minecraft:raw_iron":37,"minecraft:torch":3,"minecraft:porkchop":4,"minecraft:blast_furnace":1,"minecraft:spider_eye":1,"minecraft:arrow":1,"minecraft:rotten_flesh":3,"biomesoplenty:palm_log":10,"minecraft:granite":3,"minecraft:coal":149,"minecraft:cobblestone":80},"minecraft:custom":{"minecraft:interact_with_furnace":15,"minecraft:mob_kills":15,"minecraft:leave_game":4,"minecraft:time_since_death":41998,"minecraft:damage_resisted":28,"minecraft:climb_one_cm":99,"minecraft:time_since_rest":42056,"minecraft:sprint_one_cm":35277,"minecraft:walk_one_cm":158282,"minecraft:damage_taken":1029,"minecraft:damage_absorbed":88,"minecraft:damage_blocked_by_shield":600,"minecraft:drop":5,"minecraft:damage_dealt":2072,"minecraft:fly_one_cm":936765,"minecraft:open_chest":1,"minecraft:crouch_one_cm":260,"minecraft:play_time":109889,"minecraft:deaths":2,"minecraft:sneak_time":1401,"minecraft:walk_under_water_one_cm":29134,"minecraft:boat_one_cm":261630,"minecraft:jump":891,"minecraft:interact_with_blast_furnace":6,"minecraft:walk_on_water_one_cm":14074,"minecraft:total_world_time":109889,"minecraft:fall_one_cm":17442},"minecraft:dropped":{"mobbattle:mob_kill":1,"minecraft:cobblestone":1,"minecraft:prismarine_stairs":1,"ad_astra:oil_bucket":1,"quark:black_stool":1},"minecraft:broken":{"minecraft:wooden_pickaxe":1},"minecraft:killed":{"minecraft:pig":2,"minecraft:zombie_villager":1,"minecraft:spider":2,"minecraft:skeleton":1,"minecraft:zombie":4,"minecraft:chicken":4,"minecraft:cow":1},"minecraft:used":{"minecraft:water_bucket":5,"minecraft:stone_sword":8,"minecraft:stone_pickaxe":136,"minecraft:prismarine_stairs":1,"minecraft:wooden_pickaxe":59,"biomesoplenty:palm_boat":2,"minecraft:shield":7,"minecraft:torch":20,"endofherobrine:zombie_spawn_egg":1,"minecraft:blast_furnace":1,"minecraft:warden_spawn_egg":1,"mutantmonsters:spider_pig_spawn_egg":18,"minecraft:iron_pickaxe":17,"endofherobrine:villager_spawn_egg":1,"minecraft:iron_boots":1,"quark:black_stool":3,"minecraft:stone_axe":55,"minecraft:cobblestone":36,"minecraft:furnace":2,"minecraft:bucket":6,"minecraft:enchanted_golden_apple":4}},"DataVersion":3465}