{"stats":{"minecraft:killed_by":{"minecraft:skeleton":1},"minecraft:mined":{"minecraft:jungle_leaves":1,"minecraft:grass":9,"minecraft:jungle_log":3,"minecraft:tall_grass":3,"minecraft:stone":47,"biomesoplenty:palm_log":2},"minecraft:crafted":{"minecraft:crafting_table":1,"minecraft:stick":4,"minecraft:wooden_pickaxe":1,"vanillatweaks:crafting_pad":1,"biomesoplenty:palm_planks":8,"minecraft:jungle_planks":12},"minecraft:picked_up":{"minecraft:jungle_log":5,"immersive_aircraft:warship":1,"minecraft:gunpowder":1020,"minecraft:rotten_flesh":2,"biomesoplenty:palm_log":2,"minecraft:wheat_seeds":2,"minecraft:jungle_sapling":1,"minecraft:cobblestone":47},"minecraft:custom":{"minecraft:time_since_rest":41188,"minecraft:sprint_one_cm":8862,"minecraft:damage_absorbed":16,"minecraft:damage_taken":440,"minecraft:walk_one_cm":55009,"minecraft:mob_kills":1,"minecraft:drop":3,"minecraft:damage_dealt":160,"minecraft:fly_one_cm":614267,"minecraft:open_chest":1,"minecraft:crouch_one_cm":1,"minecraft:play_time":43079,"minecraft:deaths":1,"minecraft:sneak_time":880,"minecraft:walk_under_water_one_cm":17688,"minecraft:jump":182,"minecraft:leave_game":3,"minecraft:walk_on_water_one_cm":4670,"minecraft:time_since_death":41163,"minecraft:total_world_time":43079,"minecraft:damage_resisted":4,"minecraft:fall_one_cm":4475},"minecraft:dropped":{"mobbattle:mob_kill":1,"quark:black_stool":1,"minecraft:prismarine_stairs":1},"minecraft:killed":{"minecraft:spider":1},"minecraft:used":{"minecraft:warden_spawn_egg":1,"mutantmonsters:spider_pig_spawn_egg":18,"minecraft:prismarine_stairs":1,"endofherobrine:villager_spawn_egg":1,"minecraft:wooden_pickaxe":47,"quark:black_stool":3,"endofherobrine:zombie_spawn_egg":1,"minecraft:enchanted_golden_apple":2}},"DataVersion":3465}