{"stats":{"minecraft:mined":{"minecraft:crafting_table":3,"minecraft:spruce_leaves":27,"mca:cross_headstone":1,"minecraft:furnace":1,"minecraft:iron_ore":6,"minecraft:spruce_log":11,"minecraft:coal_ore":116,"minecraft:gravel":2,"minecraft:stone":66},"minecraft:dropped":{"minecraft:rotten_flesh":3,"minecraft:light_gray_wool":1,"minecraft:coal":1,"minecraft:gray_wool":1,"minecraft:brown_wool":1,"minecraft:cooked_salmon":1,"minecraft:potion":45,"easy_villagers:villager":4,"minecraft:black_wool":1,"minecraft:bone":1},"minecraft:killed_by":{"minecraft:zombified_piglin":1,"minecraft:skeleton":1,"minecraft:spider":1,"minecraft:zombie":1,"minecraft:iron_golem":1},"minecraft:broken":{"minecraft:stone_pickaxe":1},"minecraft:used":{"mca:male_villager_spawn_egg":3,"minecraft:stone_sword":62,"minecraft:flint_and_steel":1,"minecraft:stone_pickaxe":131,"minecraft:wooden_pickaxe":58,"minecraft:iron_sword":9,"minecraft:cooked_salmon":7,"minecraft:crafting_table":3,"mca:female_villager_spawn_egg":3,"minecraft:spruce_log":1,"minecraft:spruce_boat":2,"easy_villagers:villager":25,"minecraft:apple":6,"minecraft:villager_spawn_egg":1,"minecraft:iron_pickaxe":1,"minecraft:spruce_sapling":2,"minecraft:piglin_brute_spawn_egg":2,"minecraft:gravel":1,"minecraft:stone_axe":10,"minecraft:cobblestone":1,"minecraft:furnace":2,"minecraft:repeating_command_block":1,"mca:staff_of_life":5},"minecraft:picked_up":{"minecraft:iron_chestplate":1,"minecraft:crafting_table":3,"minecraft:salmon":16,"minecraft:brown_wool":1,"minecraft:wooden_pickaxe":2,"minecraft:piglin_brute_spawn_egg":1,"minecraft:potion":34,"minecraft:flint":3,"minecraft:shield":1,"minecraft:gunpowder":8,"vanillatweaks:crafting_pad":3,"mca:book_romance":1,"minecraft:map":1,"minecraft:string":3,"minecraft:iron_axe":1,"minecraft:cooked_salmon":41,"minecraft:flint_and_steel":1,"minecraft:iron_leggings":1,"minecraft:cooked_mutton":8,"minecraft:iron_shovel":2,"minecraft:bone":5,"mca:staff_of_life":1,"minecraft:apple":100,"minecraft:spruce_planks":5,"minecraft:stone_pickaxe":1,"mca:villager_editor":2,"minecraft:iron_pickaxe":1,"minecraft:enchanted_golden_apple":16,"minecraft:light_gray_wool":1,"minecraft:coal_block":28,"minecraft:iron_sword":1,"minecraft:iron_boots":1,"minecraft:furnace":3,"minecraft:raw_iron":13,"minecraft:gravel":1,"minecraft:spruce_sapling":2,"minecraft:white_bed":1,"minecraft:spruce_log":10,"minecraft:iron_hoe":1,"easy_villagers:villager":1,"minecraft:stone_sword":1,"minecraft:rotten_flesh":15,"minecraft:spruce_boat":4,"minecraft:stone_axe":2,"minecraft:shears":2,"minecraft:iron_helmet":1,"minecraft:gray_wool":1,"mobbattle:mob_armor":1,"minecraft:black_wool":1,"minecraft:mutton":18,"mobbattle:mob_stick":1,"minecraft:coal":174,"minecraft:white_wool":5,"minecraft:cobblestone":231,"quark:music_disc_wind":1},"minecraft:crafted":{"minecraft:coal_block":12,"minecraft:spruce_planks":36,"vanillatweaks:crafting_pad":1,"minecraft:wooden_pickaxe":1,"minecraft:iron_helmet":1,"minecraft:furnace":1,"minecraft:cooked_salmon":16,"minecraft:stone_axe":1,"minecraft:enchanted_golden_apple":8,"minecraft:cooked_mutton":11,"minecraft:flint_and_steel":1,"minecraft:iron_boots":1,"minecraft:iron_chestplate":1,"minecraft:stick":12,"minecraft:iron_ingot":1,"minecraft:stone_pickaxe":1,"minecraft:stone_sword":1,"minecraft:iron_leggings":1,"minecraft:white_bed":1,"minecraft:spruce_boat":1},"minecraft:killed":{"minecraft:salmon":16,"minecraft:spider":1,"minecraft:creeper":1,"minecraft:sheep":7,"minecraft:zombie":5},"minecraft:custom":{"minecraft:interact_with_furnace":14,"minecraft:mob_kills":31,"minecraft:interact_with_crafting_table":6,"minecraft:leave_game":17,"minecraft:time_since_death":6380,"minecraft:sleep_in_bed":3,"minecraft:climb_one_cm":542,"minecraft:time_since_rest":7349,"minecraft:sprint_one_cm":84175,"minecraft:damage_taken":1868,"minecraft:walk_one_cm":239246,"minecraft:drop":59,"minecraft:damage_dealt":2752,"minecraft:swim_one_cm":28435,"minecraft:talked_to_villager":5,"minecraft:fly_one_cm":268482,"minecraft:open_chest":1,"minecraft:crouch_one_cm":77,"minecraft:play_time":144239,"minecraft:deaths":5,"minecraft:sneak_time":983,"minecraft:walk_under_water_one_cm":31099,"minecraft:boat_one_cm":115605,"minecraft:jump":771,"minecraft:walk_on_water_one_cm":21642,"minecraft:total_world_time":144239,"minecraft:fall_one_cm":10390}},"DataVersion":3465}