{"stats":{"minecraft:killed":{"minecraft:spider":1},"minecraft:mined":{"minecraft:tall_grass":3,"minecraft:grass":9},"minecraft:custom":{"minecraft:jump":61,"minecraft:time_since_rest":3705,"minecraft:damage_dealt":160,"minecraft:deaths":1,"minecraft:sprint_one_cm":3880,"minecraft:play_time":5596,"minecraft:damage_taken":440,"minecraft:time_since_death":3680,"minecraft:walk_one_cm":9087,"minecraft:sneak_time":79,"minecraft:total_world_time":5596,"minecraft:mob_kills":1,"minecraft:fall_one_cm":2906,"minecraft:fly_one_cm":37288},"minecraft:killed_by":{"minecraft:skeleton":1},"minecraft:picked_up":{"minecraft:gunpowder":1020,"immersive_aircraft:warship":1,"minecraft:wheat_seeds":2}},"DataVersion":3465}