{"stats":{"minecraft:used":{"minecraft:netherite_sword":4,"minecraft:diorite":5,"minecraft:grass_block":1,"minecraft:repeating_command_block":1,"minecraft:stone":16,"minecraft:granite":1},"minecraft:killed":{"minecraft:spider":1,"minecraft:creeper":1},"minecraft:dropped":{"minecraft:diorite":1},"minecraft:custom":{"minecraft:time_since_rest":19782,"minecraft:sprint_one_cm":512,"minecraft:play_time":19782,"minecraft:walk_one_cm":6919,"minecraft:damage_taken":100,"minecraft:sneak_time":47,"minecraft:mob_kills":2,"minecraft:drop":1,"minecraft:jump":47,"minecraft:damage_dealt":360,"minecraft:leave_game":11,"minecraft:time_since_death":19782,"minecraft:climb_one_cm":1651,"minecraft:total_world_time":19782,"minecraft:fall_one_cm":2027,"minecraft:fly_one_cm":15617}},"DataVersion":3465}