{"stats":{"minecraft:mined":{"minecraft:grass_block":5,"minecraft:spruce_leaves":27,"minecraft:furnace":1,"minecraft:iron_ore":6,"minecraft:stone":66,"minecraft:crafting_table":3,"mca:cross_headstone":1,"minecraft:spruce_log":11,"minecraft:black_wool":2,"minecraft:grass":44,"minecraft:coal_ore":116,"minecraft:gravel":2},"minecraft:dropped":{"minecraft:water_bucket":13,"minecraft:stripped_spruce_log":1,"minecraft:porkchop":5,"minecraft:wheat_seeds":3,"minecraft:spruce_door":1,"mutantmonsters:mutant_skeleton_spawn_egg":1,"minecraft:spruce_stairs":1,"minecraft:grass_block":2,"minecraft:coal":1,"mca:staff_of_life":1,"minecraft:gray_concrete":1,"minecraft:red_bed":1,"minecraft:gray_wool":1,"minecraft:ice":1,"quark:music_disc_wind":1,"minecraft:brown_wool":1,"minecraft:cooked_salmon":3,"minecraft:potion":45,"minecraft:bucket":1,"minecraft:dandelion":1,"minecraft:bone":2,"minecraft:oak_trapdoor":1,"minecraft:diamond_hoe":1,"minecraft:smooth_sandstone_stairs":1,"minecraft:composter":2,"minecraft:rotten_flesh":14,"minecraft:light_gray_wool":1,"minecraft:oak_planks":1,"minecraft:light_gray_concrete":5,"minecraft:zombified_piglin_spawn_egg":1,"mca:female_villager_spawn_egg":1,"minecraft:spruce_boat":1,"mca:villager_editor":2,"minecraft:spruce_planks":1,"easy_villagers:villager":4,"minecraft:spruce_slab":1,"mca:male_villager_spawn_egg":1,"minecraft:oak_leaves":1,"minecraft:splash_potion":1,"minecraft:black_wool":1,"minecraft:dark_oak_chest_boat":1},"minecraft:killed_by":{"minecraft:zombified_piglin":1,"minecraft:spider":1,"minecraft:iron_golem":1,"minecraft:skeleton":1,"minecraft:zombie":1},"minecraft:killed":{"minecraft:zombified_piglin":1,"minecraft:spider":1,"minecraft:skeleton":1,"minecraft:chicken":1,"minecraft:pig":3,"minecraft:salmon":21,"mutantmonsters:mutant_skeleton":1,"minecraft:creeper":4,"minecraft:sheep":9,"minecraft:zombie":7,"mutantmonsters:spider_pig":1},"minecraft:used":{"minecraft:oak_trapdoor":12,"minecraft:stone_sword":62,"minecraft:flint_and_steel":1,"quark:oak_trapped_chest":2,"minecraft:spruce_slab":117,"minecraft:spruce_planks":2,"minecraft:iron_sword":15,"minecraft:wither_skeleton_spawn_egg":8,"mutantmonsters:mutant_skeleton_spawn_egg":2,"minecraft:cooked_salmon":8,"minecraft:smooth_sandstone_stairs":23,"minecraft:dirt":65,"minecraft:anvil":1,"minecraft:skeleton_spawn_egg":29,"quark:warped_bookshelf":13,"minecraft:spruce_stairs":11,"ad_astra:tier_1_rocket":3,"minecraft:diamond_helmet":1,"enchantinginfuser:advanced_enchanting_infuser":1,"minecraft:stripped_spruce_log":835,"mutantmonsters:spider_pig_spawn_egg":5,"quark:mangrove_bookshelf":3,"minecraft:spruce_boat":3,"minecraft:wooden_axe":38,"minecraft:sea_lantern":3,"minecraft:bookshelf":14,"minecraft:villager_spawn_egg":1,"quark:spruce_chest":3,"minecraft:lantern":1,"minecraft:grass_block":80,"quark:jungle_bookshelf":1,"minecraft:gray_concrete_powder":2,"minecraft:piglin_brute_spawn_egg":2,"minecraft:light_gray_wool":1,"minecraft:furnace":2,"minecraft:dead_bubble_coral_block":60,"minecraft:zombified_piglin_spawn_egg":3,"minecraft:light_gray_bed":1,"mca:staff_of_life":5,"end_update:end_table":3,"minecraft:cooked_mutton":3,"mca:male_villager_spawn_egg":4,"minecraft:water_bucket":8,"minecraft:diamond_boots":1,"minecraft:spruce_door":1,"quark:cobblestone_bricks":1,"minecraft:stone_pickaxe":131,"minecraft:oak_planks":188,"minecraft:andesite_slab":45,"minecraft:iron_golem_spawn_egg":9,"minecraft:diamond_axe":4,"minecraft:blue_bed":1,"minecraft:wooden_pickaxe":58,"simplylight:edge_light":13,"minecraft:composter":9,"minecraft:oak_leaves":40,"simplylight:illuminant_block_on":14,"minecraft:crafting_table":3,"minecraft:red_bed":5,"mca:female_villager_spawn_egg":4,"minecraft:campfire":1,"minecraft:gray_concrete":322,"minecraft:spruce_log":1,"easy_villagers:villager":27,"minecraft:black_wool":2,"minecraft:apple":6,"minecraft:diamond_shovel":5,"minecraft:light_gray_concrete":149,"minecraft:iron_pickaxe":1,"minecraft:netherite_axe":3,"minecraft:spruce_trapdoor":15,"ad_astra:launch_pad":1,"minecraft:spruce_sapling":2,"minecraft:gravel":1,"minecraft:stone_axe":10,"minecraft:soul_lantern":1,"minecraft:diamond_sword":22,"minecraft:cobblestone":1,"minecraft:purple_bed":2,"minecraft:smithing_table":1,"minecraft:grindstone":1,"minecraft:bucket":60,"minecraft:ice":2,"minecraft:repeating_command_block":1,"minecraft:white_concrete":412,"minecraft:dandelion":1,"minecraft:jukebox":2,"minecraft:birch_stairs":1,"minecraft:splash_potion":96},"minecraft:broken":{"minecraft:stone_pickaxe":1},"minecraft:custom":{"minecraft:interact_with_smithing_table":2,"minecraft:mob_kills":52,"minecraft:interact_with_anvil":1,"minecraft:interact_with_crafting_table":6,"minecraft:open_barrel":1,"minecraft:open_shulker_box":3,"minecraft:bell_ring":1,"minecraft:leave_game":30,"minecraft:time_since_death":456162,"minecraft:climb_one_cm":1756,"minecraft:sprint_one_cm":228671,"minecraft:walk_one_cm":927097,"minecraft:drop":120,"minecraft:talked_to_villager":5,"minecraft:play_time":796184,"minecraft:deaths":6,"minecraft:sneak_time":4145,"minecraft:walk_under_water_one_cm":53378,"minecraft:boat_one_cm":314937,"minecraft:jump":2066,"minecraft:walk_on_water_one_cm":46440,"minecraft:enchant_item":9,"minecraft:total_world_time":796184,"minecraft:interact_with_furnace":14,"minecraft:sleep_in_bed":4,"minecraft:time_since_rest":456193,"minecraft:open_enderchest":1,"minecraft:damage_taken":1949,"minecraft:trigger_trapped_chest":6,"minecraft:damage_dealt":6836,"minecraft:swim_one_cm":30826,"minecraft:fly_one_cm":2559922,"minecraft:open_chest":22,"minecraft:crouch_one_cm":315,"minecraft:fall_one_cm":48943,"minecraft:inspect_dispenser":1},"minecraft:picked_up":{"minecraft:crafting_table":3,"minecraft:iron_chestplate":1,"minecraft:wooden_pickaxe":2,"minecraft:piglin_brute_spawn_egg":1,"minecraft:potion":34,"minecraft:shield":1,"minecraft:string":9,"minecraft:oak_trapdoor":1,"minecraft:red_bed":1,"minecraft:iron_axe":1,"minecraft:cooked_salmon":48,"minecraft:flint_and_steel":1,"minecraft:iron_leggings":1,"minecraft:iron_shovel":2,"mca:staff_of_life":1,"minecraft:bucket":1,"minecraft:spruce_planks":5,"minecraft:player_head":2,"minecraft:light_gray_wool":1,"minecraft:iron_pickaxe":1,"minecraft:spruce_slab":1,"minecraft:enchanted_golden_apple":16,"minecraft:coal_block":28,"minecraft:furnace":3,"minecraft:diamond_hoe":1,"minecraft:iron_boots":1,"quark:music_disc_fire":1,"minecraft:raw_iron":13,"minecraft:spruce_stairs":1,"minecraft:porkchop":10,"minecraft:carrot":1,"easy_villagers:villager":1,"minecraft:stone_sword":1,"minecraft:arrow":9,"minecraft:rotten_flesh":28,"minecraft:shears":2,"minecraft:mutton":18,"minecraft:cobblestone":231,"minecraft:white_wool":7,"quark:music_disc_wind":1,"minecraft:feather":3,"minecraft:water_bucket":2,"minecraft:salmon":16,"minecraft:brown_wool":1,"minecraft:flint":3,"minecraft:gunpowder":9,"vanillatweaks:crafting_pad":3,"mca:book_romance":1,"minecraft:map":1,"minecraft:cooked_mutton":12,"minecraft:bone":13,"minecraft:apple":100,"minecraft:bow":1,"minecraft:wheat_seeds":17,"minecraft:cooked_chicken":4,"minecraft:stone_pickaxe":1,"mca:villager_editor":4,"minecraft:iron_sword":1,"minecraft:oak_planks":1,"minecraft:cooked_porkchop":14,"minecraft:dandelion":4,"minecraft:gravel":1,"minecraft:stripped_spruce_log":1,"minecraft:spruce_sapling":2,"minecraft:grass_block":1,"minecraft:white_bed":1,"minecraft:spruce_log":10,"minecraft:iron_hoe":1,"minecraft:light_gray_concrete":5,"minecraft:spruce_boat":4,"minecraft:stone_axe":2,"minecraft:iron_helmet":1,"minecraft:bone_meal":1,"minecraft:gray_wool":1,"mobbattle:mob_armor":1,"minecraft:black_wool":3,"minecraft:coal":174,"mobbattle:mob_stick":1},"minecraft:crafted":{"minecraft:furnace":1,"minecraft:enchanted_golden_apple":8,"minecraft:cooked_mutton":11,"minecraft:flint_and_steel":1,"minecraft:diamond_helmet":1,"minecraft:iron_boots":1,"minecraft:stone_pickaxe":1,"minecraft:spruce_boat":1,"minecraft:coal_block":12,"minecraft:spruce_planks":36,"minecraft:wooden_pickaxe":1,"vanillatweaks:crafting_pad":1,"minecraft:iron_helmet":1,"minecraft:cooked_salmon":16,"minecraft:stone_axe":1,"minecraft:air":0,"minecraft:iron_chestplate":1,"minecraft:stick":12,"minecraft:iron_ingot":1,"minecraft:stone_sword":1,"minecraft:iron_leggings":1,"minecraft:white_bed":1}},"DataVersion":3465}