{"stats":{"minecraft:killed_by":{"mowziesmobs:frostmaw":12,"minecraft:spider":2,"minecraft:zombie":1},"minecraft:mined":{"minecraft:tall_grass":3},"minecraft:picked_up":{"quark:music_disc_fire":2,"minecraft:feather":2,"minecraft:chicken":1,"immersive_aircraft:warship":1,"minecraft:porkchop":2,"minecraft:grass_block":1,"minecraft:gunpowder":1041,"mutantmonsters:mutant_skeleton_limb":6,"minecraft:dirt":12,"mutantmonsters:mutant_skeleton_pelvis":1,"mutantmonsters:mutant_skeleton_skull":1,"minecraft:arrow":2,"minecraft:tropical_fish":1,"minecraft:wheat_seeds":1,"minecraft:beef":2,"mutantmonsters:mutant_skeleton_rib":4,"mutantmonsters:mutant_skeleton_shoulder_pad":1,"minecraft:mutton":2,"minecraft:white_wool":1,"minecraft:egg":2},"minecraft:crafted":{"farmersdelight:fried_egg":1},"minecraft:custom":{"minecraft:time_since_rest":562,"minecraft:interact_with_furnace":5,"minecraft:sprint_one_cm":60007,"minecraft:damage_taken":4841,"minecraft:walk_one_cm":135578,"minecraft:mob_kills":5,"minecraft:drop":2,"minecraft:damage_dealt":528,"minecraft:fly_one_cm":196836,"minecraft:crouch_one_cm":24,"minecraft:play_time":65861,"minecraft:deaths":18,"minecraft:sneak_time":1141,"minecraft:walk_under_water_one_cm":16642,"minecraft:jump":768,"minecraft:leave_game":8,"minecraft:walk_on_water_one_cm":199,"minecraft:time_since_death":527,"minecraft:total_world_time":65861,"minecraft:fall_one_cm":16268},"minecraft:killed":{"minecraft:sheep":1,"minecraft:pig":1,"minecraft:chicken":1,"minecraft:spider":1,"minecraft:cow":1},"minecraft:used":{"mutantmonsters:mutant_creeper_spawn_egg":1,"minecraft:grass_block":4,"quark:pickarang":35,"immersive_aircraft:airship":1,"mutantmonsters:mutant_enderman_spawn_egg":3,"mutantmonsters:creeper_minion_spawn_egg":1,"mutantmonsters:mutant_skeleton_spawn_egg":1,"immersive_aircraft:warship":3,"minecraft:dirt":6,"mowziesmobs:frostmaw_spawn_egg":3,"mowziesmobs:wroughtnaut_spawn_egg":1,"minecraft:furnace":1,"farmersdelight:fried_egg":2},"minecraft:dropped":{"quark:music_disc_fire":1,"minecraft:grass_block":1}},"DataVersion":3465}