{"stats":{"minecraft:dropped":{"minecraft:dirt":3,"minecraft:bone":2},"minecraft:picked_up":{"minecraft:sculk_catalyst":1,"minecraft:ghast_tear":1,"minecraft:gunpowder":6,"minecraft:dirt":3,"minecraft:flint_and_steel":1,"minecraft:bone":3,"minecraft:arrow":4,"minecraft:iron_ingot":12,"minecraft:poppy":9,"minecraft:phantom_membrane":1,"minecraft:soul_sand":1,"minecraft:cobblestone":3},"minecraft:crafted":{"minecraft:enchanted_golden_apple":8},"minecraft:custom":{"minecraft:time_since_rest":104246,"minecraft:sprint_one_cm":2313,"minecraft:damage_taken":460,"minecraft:walk_one_cm":52296,"minecraft:mob_kills":8,"minecraft:drop":5,"minecraft:damage_dealt":6436,"minecraft:interact_with_crafting_table":2,"minecraft:fly_one_cm":128480,"minecraft:crouch_one_cm":89,"minecraft:play_time":127229,"minecraft:deaths":1,"minecraft:sneak_time":921,"minecraft:walk_under_water_one_cm":29321,"minecraft:jump":278,"minecraft:walk_on_water_one_cm":129716,"minecraft:leave_game":17,"minecraft:time_since_death":103349,"minecraft:enchant_item":6,"minecraft:total_world_time":127229,"minecraft:fall_one_cm":6921},"minecraft:used":{"minecraft:warden_spawn_egg":2,"mutantmonsters:mutant_creeper_spawn_egg":1,"littleframes:creative_pic_frame":5,"minecraft:netherite_sword":57,"minecraft:ghast_spawn_egg":3,"minecraft:iron_ore":6,"minecraft:flint_and_steel":1,"minecraft:spruce_slab":3,"quark:dark_oak_bookshelf":27,"minecraft:netherite_chestplate":1,"minecraft:iron_golem_spawn_egg":12,"minecraft:stone":30,"minecraft:piglin_brute_spawn_egg":5,"mutantmonsters:mutant_snow_golem_spawn_egg":13,"minecraft:netherite_boots":1,"minecraft:soul_sand":4,"minecraft:potion":1,"minecraft:crafting_table":1,"mowziesmobs:wroughtnaut_spawn_egg":3,"enchantinginfuser:advanced_enchanting_infuser":1,"minecraft:enchanted_golden_apple":1,"minecraft:creeper_spawn_egg":10},"minecraft:killed":{"minecraft:iron_golem":1,"minecraft:bat":1,"minecraft:warden":1,"minecraft:piglin_brute":2,"minecraft:creeper":2}},"DataVersion":3465}