{"stats":{"minecraft:custom":{"minecraft:time_since_rest":6231,"minecraft:sprint_one_cm":4294,"minecraft:play_time":45569,"minecraft:damage_taken":1575,"minecraft:deaths":6,"minecraft:walk_one_cm":19064,"minecraft:sneak_time":3,"minecraft:mob_kills":3,"minecraft:jump":196,"minecraft:damage_dealt":769,"minecraft:leave_game":3,"minecraft:time_since_death":6104,"minecraft:climb_one_cm":3884,"minecraft:total_world_time":45569,"minecraft:fall_one_cm":5926,"minecraft:fly_one_cm":28590},"minecraft:killed_by":{"minecraft:skeleton":2,"minecraft:spider":1,"minecraft:zombie":3},"minecraft:used":{"minecraft:dirt":2,"minecraft:sand":1},"minecraft:picked_up":{"minecraft:rotten_flesh":2,"minecraft:wheat_seeds":2,"minecraft:sand":1,"minecraft:dirt":18,"minecraft:string":1},"minecraft:mined":{"minecraft:grass":7,"minecraft:sand":1,"minecraft:oak_leaves":1,"minecraft:fern":2},"minecraft:killed":{"minecraft:spider":1,"minecraft:zombie":1}},"DataVersion":3465}