{"stats":{"minecraft:custom":{"minecraft:jump":42,"minecraft:time_since_rest":8602,"minecraft:deaths":1,"minecraft:damage_dealt":10,"minecraft:damage_taken":280,"minecraft:leave_game":5,"minecraft:play_time":31585,"minecraft:sprint_one_cm":34,"minecraft:time_since_death":7705,"minecraft:walk_on_water_one_cm":19585,"minecraft:walk_one_cm":11358,"minecraft:sneak_time":413,"minecraft:total_world_time":31585,"minecraft:walk_under_water_one_cm":12563,"minecraft:fall_one_cm":751,"minecraft:fly_one_cm":20610},"minecraft:picked_up":{"minecraft:flint_and_steel":1,"minecraft:soul_sand":1},"minecraft:used":{"littleframes:creative_pic_frame":4,"minecraft:soul_sand":4,"minecraft:stone":9,"minecraft:flint_and_steel":1}},"DataVersion":3465}