{"stats":{"minecraft:picked_up":{"minecraft:flint_and_steel":1,"minecraft:arrow":2,"minecraft:bone":2,"minecraft:gunpowder":1,"minecraft:phantom_membrane":1,"minecraft:soul_sand":1},"minecraft:dropped":{"minecraft:bone":2},"minecraft:killed":{"minecraft:bat":1,"minecraft:warden":1,"minecraft:piglin_brute":2,"minecraft:creeper":2},"minecraft:custom":{"minecraft:time_since_rest":79449,"minecraft:damage_taken":280,"minecraft:play_time":102432,"minecraft:sprint_one_cm":97,"minecraft:deaths":1,"minecraft:walk_one_cm":34576,"minecraft:sneak_time":660,"minecraft:walk_under_water_one_cm":23315,"minecraft:mob_kills":7,"minecraft:drop":2,"minecraft:jump":185,"minecraft:damage_dealt":6406,"minecraft:leave_game":15,"minecraft:time_since_death":78552,"minecraft:walk_on_water_one_cm":107238,"minecraft:enchant_item":6,"minecraft:total_world_time":102432,"minecraft:interact_with_crafting_table":2,"minecraft:fall_one_cm":751,"minecraft:fly_one_cm":78484},"minecraft:used":{"minecraft:warden_spawn_egg":2,"minecraft:netherite_sword":57,"littleframes:creative_pic_frame":5,"minecraft:netherite_boots":1,"minecraft:iron_ore":6,"minecraft:soul_sand":4,"minecraft:potion":1,"minecraft:flint_and_steel":1,"minecraft:crafting_table":1,"mowziesmobs:wroughtnaut_spawn_egg":1,"minecraft:spruce_slab":3,"quark:dark_oak_bookshelf":27,"minecraft:netherite_chestplate":1,"minecraft:stone":30,"enchantinginfuser:advanced_enchanting_infuser":1,"minecraft:enchanted_golden_apple":1},"minecraft:crafted":{"minecraft:enchanted_golden_apple":8}},"DataVersion":3465}