{"stats":{"minecraft:custom":{"minecraft:jump":16,"minecraft:time_since_rest":14664,"minecraft:leave_game":4,"minecraft:play_time":14664,"minecraft:sprint_one_cm":34,"minecraft:walk_on_water_one_cm":2794,"minecraft:time_since_death":14664,"minecraft:walk_one_cm":10045,"minecraft:sneak_time":219,"minecraft:total_world_time":14664,"minecraft:walk_under_water_one_cm":3584,"minecraft:fall_one_cm":267,"minecraft:fly_one_cm":6651},"minecraft:used":{"littleframes:creative_pic_frame":2,"minecraft:stone":7}},"DataVersion":3465}