{"stats":{"minecraft:killed_by":{"minecraft:zombie":1,"minecraft:skeleton":1},"minecraft:mined":{"minecraft:grass":7,"minecraft:fern":2},"minecraft:custom":{"minecraft:jump":81,"minecraft:time_since_rest":633,"minecraft:damage_dealt":361,"minecraft:leave_game":1,"minecraft:deaths":2,"minecraft:sprint_one_cm":716,"minecraft:play_time":36107,"minecraft:damage_taken":775,"minecraft:time_since_death":522,"minecraft:walk_one_cm":7066,"minecraft:climb_one_cm":2613,"minecraft:total_world_time":36107,"minecraft:mob_kills":1,"minecraft:fall_one_cm":2902,"minecraft:fly_one_cm":2847},"minecraft:used":{"minecraft:dirt":2},"minecraft:picked_up":{"minecraft:rotten_flesh":2,"minecraft:wheat_seeds":2,"minecraft:dirt":18}},"DataVersion":3465}