{"stats":{"minecraft:killed":{"minecraft:spider":1,"minecraft:zombie":1},"minecraft:killed_by":{"minecraft:skeleton":2,"minecraft:spider":1,"minecraft:zombie":3},"minecraft:mined":{"minecraft:grass":7,"minecraft:sand":1,"minecraft:oak_leaves":1,"minecraft:fern":2},"minecraft:custom":{"minecraft:time_since_rest":56,"minecraft:sprint_one_cm":4294,"minecraft:play_time":39394,"minecraft:deaths":6,"minecraft:damage_taken":1575,"minecraft:walk_one_cm":17685,"minecraft:sneak_time":3,"minecraft:mob_kills":3,"minecraft:jump":187,"minecraft:damage_dealt":769,"minecraft:leave_game":2,"minecraft:time_since_death":0,"minecraft:climb_one_cm":3761,"minecraft:total_world_time":39394,"minecraft:fall_one_cm":5926,"minecraft:fly_one_cm":15538},"minecraft:used":{"minecraft:dirt":2,"minecraft:sand":1},"minecraft:picked_up":{"minecraft:rotten_flesh":2,"minecraft:wheat_seeds":2,"minecraft:sand":1,"minecraft:string":1,"minecraft:dirt":18}},"DataVersion":3465}