{"stats":{"minecraft:dropped":{"minecraft:dirt":3,"minecraft:bone":2},"minecraft:picked_up":{"minecraft:sculk_catalyst":1,"minecraft:ghast_tear":1,"minecraft:gunpowder":6,"minecraft:dirt":3,"minecraft:flint_and_steel":1,"minecraft:bone":3,"minecraft:arrow":4,"minecraft:iron_ingot":12,"minecraft:poppy":9,"minecraft:snowball":80,"minecraft:phantom_membrane":1,"minecraft:soul_sand":1,"minecraft:cobblestone":3},"minecraft:crafted":{"minecraft:enchanted_golden_apple":8},"minecraft:custom":{"minecraft:time_since_rest":2694,"minecraft:damage_absorbed":160,"minecraft:sprint_one_cm":2699,"minecraft:damage_taken":769,"minecraft:walk_one_cm":55254,"minecraft:mob_kills":8,"minecraft:drop":5,"minecraft:damage_dealt":6446,"minecraft:interact_with_crafting_table":2,"minecraft:fly_one_cm":213829,"minecraft:crouch_one_cm":177,"minecraft:play_time":141178,"minecraft:deaths":2,"minecraft:sneak_time":1584,"minecraft:walk_under_water_one_cm":78368,"minecraft:jump":317,"minecraft:walk_on_water_one_cm":136070,"minecraft:leave_game":18,"minecraft:time_since_death":2617,"minecraft:enchant_item":6,"minecraft:damage_resisted":209,"minecraft:total_world_time":141178,"minecraft:fall_one_cm":7820},"minecraft:used":{"minecraft:warden_spawn_egg":2,"minecraft:lever":1,"mutantmonsters:mutant_creeper_spawn_egg":1,"littleframes:creative_pic_frame":5,"minecraft:netherite_sword":57,"minecraft:ghast_spawn_egg":3,"minecraft:iron_ore":6,"minecraft:flint_and_steel":1,"minecraft:spruce_slab":3,"quark:dark_oak_bookshelf":27,"minecraft:netherite_chestplate":1,"minecraft:iron_golem_spawn_egg":12,"minecraft:stone":30,"minecraft:redstone_block":6,"minecraft:piglin_brute_spawn_egg":5,"mutantmonsters:mutant_snow_golem_spawn_egg":106,"minecraft:netherite_boots":1,"minecraft:soul_sand":4,"minecraft:potion":1,"minecraft:crafting_table":1,"mowziesmobs:wroughtnaut_spawn_egg":7,"end_update:nuke":9,"enchantinginfuser:advanced_enchanting_infuser":1,"minecraft:enchanted_golden_apple":2,"minecraft:creeper_spawn_egg":10},"minecraft:killed":{"minecraft:iron_golem":1,"minecraft:bat":1,"minecraft:warden":1,"minecraft:piglin_brute":2,"minecraft:creeper":2}},"DataVersion":3465}