{"stats":{"minecraft:dropped":{"minecraft:bone":2},"minecraft:picked_up":{"minecraft:ghast_tear":1,"minecraft:gunpowder":6,"minecraft:flint_and_steel":1,"minecraft:bone":3,"minecraft:arrow":4,"minecraft:iron_ingot":7,"minecraft:poppy":6,"minecraft:soul_sand":1,"minecraft:phantom_membrane":1,"minecraft:sculk_catalyst":1},"minecraft:killed":{"minecraft:bat":1,"minecraft:warden":1,"minecraft:piglin_brute":2,"minecraft:creeper":2},"minecraft:crafted":{"minecraft:enchanted_golden_apple":8},"minecraft:used":{"minecraft:warden_spawn_egg":2,"minecraft:creeper_spawn_egg":10,"littleframes:creative_pic_frame":5,"minecraft:netherite_sword":57,"minecraft:ghast_spawn_egg":3,"minecraft:iron_ore":6,"minecraft:flint_and_steel":1,"minecraft:spruce_slab":3,"quark:dark_oak_bookshelf":27,"minecraft:netherite_chestplate":1,"minecraft:iron_golem_spawn_egg":12,"minecraft:stone":30,"minecraft:piglin_brute_spawn_egg":5,"minecraft:netherite_boots":1,"minecraft:soul_sand":4,"minecraft:potion":1,"minecraft:crafting_table":1,"mowziesmobs:wroughtnaut_spawn_egg":2,"minecraft:enchanted_golden_apple":1,"enchantinginfuser:advanced_enchanting_infuser":1},"minecraft:custom":{"minecraft:time_since_rest":90363,"minecraft:sprint_one_cm":97,"minecraft:damage_taken":280,"minecraft:walk_one_cm":36146,"minecraft:mob_kills":7,"minecraft:drop":2,"minecraft:damage_dealt":6416,"minecraft:interact_with_crafting_table":2,"minecraft:fly_one_cm":100149,"minecraft:play_time":113346,"minecraft:deaths":1,"minecraft:sneak_time":777,"minecraft:walk_under_water_one_cm":23666,"minecraft:jump":193,"minecraft:walk_on_water_one_cm":113345,"minecraft:leave_game":16,"minecraft:time_since_death":89466,"minecraft:enchant_item":6,"minecraft:total_world_time":113346,"minecraft:fall_one_cm":751}},"DataVersion":3465}