{"stats":{"minecraft:custom":{"minecraft:time_since_rest":43097,"minecraft:sprint_one_cm":34,"minecraft:play_time":66080,"minecraft:deaths":1,"minecraft:damage_taken":280,"minecraft:walk_one_cm":17521,"minecraft:sneak_time":543,"minecraft:walk_under_water_one_cm":18190,"minecraft:jump":67,"minecraft:damage_dealt":38,"minecraft:leave_game":10,"minecraft:walk_on_water_one_cm":82042,"minecraft:time_since_death":42200,"minecraft:total_world_time":66080,"minecraft:interact_with_crafting_table":2,"minecraft:fall_one_cm":751,"minecraft:fly_one_cm":52286},"minecraft:crafted":{"minecraft:enchanted_golden_apple":8},"minecraft:used":{"littleframes:creative_pic_frame":5,"minecraft:soul_sand":4,"minecraft:iron_ore":6,"minecraft:flint_and_steel":1,"minecraft:crafting_table":1,"quark:dark_oak_bookshelf":22,"minecraft:stone":22,"enchantinginfuser:advanced_enchanting_infuser":1,"minecraft:enchanted_golden_apple":1},"minecraft:picked_up":{"minecraft:flint_and_steel":1,"minecraft:soul_sand":1}},"DataVersion":3465}