{"stats":{"minecraft:picked_up":{"minecraft:gunpowder":2,"minecraft:flint_and_steel":1,"minecraft:bone":2,"minecraft:arrow":2,"minecraft:soul_sand":1,"minecraft:phantom_membrane":1},"minecraft:dropped":{"minecraft:bone":2},"minecraft:killed":{"minecraft:bat":1,"minecraft:warden":1,"minecraft:piglin_brute":2,"minecraft:creeper":2},"minecraft:custom":{"minecraft:time_since_rest":83392,"minecraft:sprint_one_cm":97,"minecraft:walk_one_cm":35797,"minecraft:damage_taken":280,"minecraft:mob_kills":7,"minecraft:drop":2,"minecraft:damage_dealt":6406,"minecraft:interact_with_crafting_table":2,"minecraft:fly_one_cm":86195,"minecraft:play_time":106375,"minecraft:deaths":1,"minecraft:sneak_time":716,"minecraft:walk_under_water_one_cm":23315,"minecraft:jump":191,"minecraft:walk_on_water_one_cm":107238,"minecraft:leave_game":15,"minecraft:time_since_death":82495,"minecraft:enchant_item":6,"minecraft:total_world_time":106375,"minecraft:fall_one_cm":751},"minecraft:used":{"minecraft:warden_spawn_egg":2,"minecraft:creeper_spawn_egg":9,"littleframes:creative_pic_frame":5,"minecraft:netherite_sword":57,"minecraft:ghast_spawn_egg":3,"minecraft:iron_ore":6,"minecraft:flint_and_steel":1,"minecraft:spruce_slab":3,"quark:dark_oak_bookshelf":27,"minecraft:netherite_chestplate":1,"minecraft:stone":30,"minecraft:piglin_brute_spawn_egg":2,"minecraft:netherite_boots":1,"minecraft:soul_sand":4,"minecraft:potion":1,"minecraft:crafting_table":1,"mowziesmobs:wroughtnaut_spawn_egg":1,"minecraft:enchanted_golden_apple":1,"enchantinginfuser:advanced_enchanting_infuser":1},"minecraft:crafted":{"minecraft:enchanted_golden_apple":8}},"DataVersion":3465}