{"stats":{"minecraft:custom":{"minecraft:time_since_rest":31375,"minecraft:sprint_one_cm":34,"minecraft:play_time":54358,"minecraft:deaths":1,"minecraft:damage_taken":280,"minecraft:walk_one_cm":15587,"minecraft:sneak_time":507,"minecraft:walk_under_water_one_cm":17896,"minecraft:jump":61,"minecraft:damage_dealt":38,"minecraft:leave_game":9,"minecraft:walk_on_water_one_cm":65545,"minecraft:time_since_death":30478,"minecraft:total_world_time":54358,"minecraft:interact_with_crafting_table":2,"minecraft:fall_one_cm":751,"minecraft:fly_one_cm":51159},"minecraft:crafted":{"minecraft:enchanted_golden_apple":8},"minecraft:used":{"littleframes:creative_pic_frame":5,"minecraft:soul_sand":4,"minecraft:iron_ore":6,"minecraft:flint_and_steel":1,"minecraft:crafting_table":1,"minecraft:stone":15,"minecraft:enchanted_golden_apple":1},"minecraft:picked_up":{"minecraft:flint_and_steel":1,"minecraft:soul_sand":1}},"DataVersion":3465}