{"stats":{"minecraft:custom":{"minecraft:jump":49,"minecraft:time_since_rest":19375,"minecraft:damage_dealt":20,"minecraft:damage_taken":280,"minecraft:leave_game":9,"minecraft:play_time":42358,"minecraft:time_since_death":18478,"minecraft:sprint_one_cm":34,"minecraft:walk_one_cm":14234,"minecraft:walk_on_water_one_cm":31856,"minecraft:deaths":1,"minecraft:sneak_time":451,"minecraft:total_world_time":42358,"minecraft:walk_under_water_one_cm":16246,"minecraft:fall_one_cm":751,"minecraft:fly_one_cm":34793},"minecraft:used":{"littleframes:creative_pic_frame":5,"minecraft:soul_sand":4,"minecraft:stone":15,"minecraft:flint_and_steel":1},"minecraft:picked_up":{"minecraft:flint_and_steel":1,"minecraft:soul_sand":1}},"DataVersion":3465}