{"stats":{"minecraft:custom":{"minecraft:jump":38,"minecraft:time_since_rest":19585,"minecraft:damage_dealt":10,"minecraft:damage_taken":160,"minecraft:leave_game":5,"minecraft:play_time":19585,"minecraft:sprint_one_cm":34,"minecraft:time_since_death":19585,"minecraft:walk_on_water_one_cm":11595,"minecraft:walk_one_cm":11034,"minecraft:sneak_time":245,"minecraft:total_world_time":19585,"minecraft:walk_under_water_one_cm":7725,"minecraft:fall_one_cm":267,"minecraft:fly_one_cm":7255},"minecraft:used":{"littleframes:creative_pic_frame":3,"minecraft:soul_sand":4,"minecraft:stone":8,"minecraft:flint_and_steel":1}},"DataVersion":3465}