{
  "vanillatweaks:bat_membranes": {
    "criteria": {
      "tick": "2024-07-01 22:43:35 +0000"
    },
    "done": true
  },
  "vanillatweaks:silence_mobs": {
    "criteria": {
      "tick": "2024-07-01 22:43:35 +0000"
    },
    "done": true
  },
  "vanillatweaks:unlock_all_recipes": {
    "criteria": {
      "tick": "2024-07-01 22:43:35 +0000"
    },
    "done": true
  },
  "vanillatweaks:dynamite": {
    "criteria": {
      "has_the_recipe": "2024-07-01 22:43:35 +0000"
    },
    "done": true
  },
  "vanillatweaks:spectator_night_vision": {
    "criteria": {
      "tick": "2024-07-01 22:43:35 +0000"
    },
    "done": true
  },
  "vanillatweaks:crafting_pad": {
    "criteria": {
      "has_the_recipe": "2024-07-01 22:43:35 +0000"
    },
    "done": true
  },
  "vanillatweaks:root": {
    "criteria": {
      "tick": "2024-07-01 22:43:35 +0000"
    },
    "done": true
  },
  "vanillatweaks:redstone_wrench": {
    "criteria": {
      "tick": "2024-07-01 22:43:35 +0000"
    },
    "done": true
  },
  "vanillatweaks:cauldron_concrete": {
    "criteria": {
      "tick": "2024-07-01 22:43:35 +0000"
    },
    "done": true
  },
  "morevillagers:root": {
    "criteria": {
      "always": "2024-07-01 22:43:35 +0000"
    },
    "done": true
  },
  "minecraft:unlock_deep_pockets_book": {
    "criteria": {
      "exists": "2024-07-01 22:43:35 +0000"
    },
    "done": true
  },
  "vanillatweaks:slime_bucket": {
    "criteria": {
      "has_the_recipe": "2024-07-01 22:43:35 +0000"
    },
    "done": true
  },
  "vanillatweaks:villager_workstation_highlights": {
    "criteria": {
      "tick": "2024-07-01 22:43:35 +0000"
    },
    "done": true
  },
  "vanillatweaks:player_head_drops": {
    "criteria": {
      "tick": "2024-07-01 22:43:35 +0000"
    },
    "done": true
  },
  "vanillatweaks:spectator_conduit_power": {
    "criteria": {
      "tick": "2024-07-01 22:43:35 +0000"
    },
    "done": true
  },
  "mca:recipes/building_blocks/headstones": {
    "criteria": {
      "has_the_upright_recipe": "2024-07-01 22:43:35 +0000"
    },
    "done": true
  },
  "vanillatweaks:coordinates_hud": {
    "criteria": {
      "tick": "2024-07-01 22:43:35 +0000"
    },
    "done": true
  },
  "vanillatweaks:custom_villager_shops": {
    "criteria": {
      "tick": "2024-07-01 22:43:35 +0000"
    },
    "done": true
  },
  "vanillatweaks:terracotta_wrench": {
    "criteria": {
      "tick": "2024-07-01 22:43:35 +0000"
    },
    "done": true
  },
  "vanillatweaks:storage_blocks": {
    "criteria": {
      "has_the_recipe": "2024-07-01 22:43:35 +0000"
    },
    "done": true
  },
  "vanillatweaks:double_shulker_shells": {
    "criteria": {
      "tick": "2024-07-01 22:43:35 +0000"
    },
    "done": true
  },
  "vanillatweaks:dragon_drops": {
    "criteria": {
      "tick": "2024-07-01 22:43:35 +0000"
    },
    "done": true
  },
  "vanillatweaks:pedestal": {
    "criteria": {
      "has_the_recipe": "2024-07-01 22:43:35 +0000"
    },
    "done": true
  },
  "vanillatweaks:more_mob_heads": {
    "criteria": {
      "tick": "2024-07-01 22:43:35 +0000"
    },
    "done": true
  },
  "vanillatweaks:nether_portal_coords": {
    "criteria": {
      "tick": "2024-07-01 22:43:35 +0000"
    },
    "done": true
  },
  "vanillatweaks:fast_leaf_decay": {
    "criteria": {
      "tick": "2024-07-01 22:43:35 +0000"
    },
    "done": true
  },
  "vanillatweaks:fried_egg": {
    "criteria": {
      "has_the_recipe": "2024-07-01 22:43:35 +0000"
    },
    "done": true
  },
  "vanillatweaks:name_colors": {
    "criteria": {
      "tick": "2024-07-01 22:43:35 +0000"
    },
    "done": true
  },
  "vanillatweaks:armored_elytra": {
    "criteria": {
      "tick": "2024-07-01 22:43:35 +0000"
    },
    "done": true
  },
  "minecraft:adventure/adventuring_time": {
    "criteria": {
      "minecraft:taiga": "2024-07-01 22:43:37 +0000",
      "minecraft:beach": "2024-07-01 23:17:43 +0000",
      "minecraft:river": "2024-07-01 22:58:18 +0000",
      "minecraft:stony_shore": "2024-07-01 23:01:24 +0000",
      "minecraft:cold_ocean": "2024-07-01 23:19:06 +0000",
      "minecraft:forest": "2024-07-01 22:51:44 +0000",
      "minecraft:frozen_ocean": "2024-07-02 01:10:54 +0000",
      "minecraft:plains": "2024-07-01 23:18:39 +0000"
    },
    "done": false
  },
  "craftable_bundles_rabbit_hide:recipes/bundle_rabbit_hide": {
    "criteria": {
      "has_rabbit_hide": "2024-07-01 22:50:43 +0000",
      "has_string": "2024-07-01 22:50:43 +0000"
    },
    "done": true
  },
  "craftable_notch_apples:recipes/building_blocks/craftable_notch_apples/notch_apple": {
    "criteria": {
      "has_apple": "2024-07-01 22:50:43 +0000",
      "has_block": "2024-07-01 22:50:43 +0000"
    },
    "done": true
  },
  "dropper_to_dispenser:recipes/building_blocks/dropper_to_dispenser/dispenser": {
    "criteria": {
      "has_block": "2024-07-01 22:50:43 +0000",
      "has_bow": "2024-07-01 22:50:43 +0000"
    },
    "done": true
  },
  "sandstone_dyeing:recipes/building_blocks/red_sandstone": {
    "criteria": {
      "has_dye": "2024-07-01 22:50:43 +0000",
      "has_block": "2024-07-01 22:50:43 +0000"
    },
    "done": true
  },
  "sandstone_dyeing:recipes/building_blocks/red_sand": {
    "criteria": {
      "has_dye": "2024-07-01 22:50:43 +0000",
      "has_block": "2024-07-01 22:50:43 +0000"
    },
    "done": true
  },
  "dropper_to_dispenser:recipes/building_blocks/dropper_to_dispenser/dispenser_alternate": {
    "criteria": {
      "has_string": "2024-07-01 22:50:43 +0000",
      "has_block": "2024-07-01 22:50:43 +0000",
      "has_stick": "2024-07-01 22:50:43 +0000"
    },
    "done": true
  },
  "sandstone_dyeing:recipes/building_blocks/smooth_red_sandstone": {
    "criteria": {
      "has_dye": "2024-07-01 22:50:43 +0000",
      "has_block": "2024-07-01 22:50:43 +0000"
    },
    "done": true
  },
  "craftable_bundles_leather:recipes/bundle_leather": {
    "criteria": {
      "has_leather": "2024-07-01 22:50:43 +0000",
      "has_string": "2024-07-01 22:50:43 +0000"
    },
    "done": true
  },
  "craftable_name_tags:recipes/building_blocks/craftable_name_tags/name_tag": {
    "criteria": {
      "has_string": "2024-07-01 22:50:43 +0000",
      "has_paper": "2024-07-01 22:50:43 +0000",
      "has_iron": "2024-07-01 22:50:43 +0000"
    },
    "done": true
  },
  "endofherobrine:story/root": {
    "criteria": {
      "requirement": "2024-07-01 22:50:44 +0000"
    },
    "done": true
  },
  "minecraft:story/root": {
    "criteria": {
      "crafting_table": "2024-07-01 22:52:11 +0000"
    },
    "done": true
  },
  "mca:recipes/misc/whistle": {
    "criteria": {
      "has_item": "2024-07-01 22:52:21 +0000"
    },
    "done": true
  },
  "mutantmonsters:root": {
    "criteria": {
      "killed_something": "2024-07-01 22:53:16 +0000"
    },
    "done": true
  },
  "minecraft:adventure/root": {
    "criteria": {
      "killed_something": "2024-07-01 22:53:16 +0000"
    },
    "done": true
  },
  "minecraft:adventure/kill_all_mobs": {
    "criteria": {
      "minecraft:spider": "2024-07-01 23:15:07 +0000",
      "minecraft:creeper": "2024-07-01 23:16:08 +0000",
      "minecraft:zombie": "2024-07-01 22:53:16 +0000"
    },
    "done": false
  },
  "minecraft:adventure/kill_a_mob": {
    "criteria": {
      "minecraft:zombie": "2024-07-01 22:53:16 +0000"
    },
    "done": true
  },
  "minecraft:husbandry/balanced_diet": {
    "criteria": {
      "apple": "2024-07-01 22:54:10 +0000",
      "cooked_salmon": "2024-07-01 23:09:39 +0000"
    },
    "done": false
  },
  "minecraft:husbandry/root": {
    "criteria": {
      "consumed_item": "2024-07-01 22:54:10 +0000"
    },
    "done": true
  },
  "minecraft:story/mine_stone": {
    "criteria": {
      "get_stone": "2024-07-01 22:59:11 +0000"
    },
    "done": true
  },
  "minecraft:story/upgrade_tools": {
    "criteria": {
      "stone_pickaxe": "2024-07-01 23:01:57 +0000"
    },
    "done": true
  },
  "wool_to_string:recipes/building_blocks/wool_to_string/string": {
    "criteria": {
      "has_block": "2024-07-01 23:04:00 +0000"
    },
    "done": true
  },
  "mca:recipes/misc/needle_and_thread": {
    "criteria": {
      "has_item": "2024-07-01 23:15:09 +0000"
    },
    "done": true
  },
  "morevillagers:first_village": {
    "criteria": {
      "taiga": "2024-07-01 23:31:46 +0000"
    },
    "done": true
  },
  "morevillagers:all_villages": {
    "criteria": {
      "taiga": "2024-07-01 23:31:46 +0000",
      "plains": "2024-07-02 01:12:39 +0000"
    },
    "done": false
  },
  "mca:root": {
    "criteria": {
      "village_taiga": "2024-07-01 23:31:46 +0000"
    },
    "done": true
  },
  "minecraft:adventure/sleep_in_bed": {
    "criteria": {
      "slept_in_bed": "2024-07-01 23:34:02 +0000"
    },
    "done": true
  },
  "mca:recipes/misc/comb": {
    "criteria": {
      "has_item": "2024-07-02 00:02:17 +0000"
    },
    "done": true
  },
  "minecraft:story/smelt_iron": {
    "criteria": {
      "iron": "2024-07-02 00:02:17 +0000"
    },
    "done": true
  },
  "minecraft:story/obtain_armor": {
    "criteria": {
      "iron_chestplate": "2024-07-02 00:04:26 +0000"
    },
    "done": true
  },
  "mca:friend": {
    "criteria": {
      "baby": "2024-07-02 00:15:04 +0000"
    },
    "done": true
  },
  "minecraft:story/iron_tools": {
    "criteria": {
      "iron_pickaxe": "2024-07-02 00:35:33 +0000"
    },
    "done": true
  },
  "mca:adventure/staff_of_life": {
    "criteria": {
      "iron": "2024-07-02 00:43:30 +0000"
    },
    "done": true
  },
  "morevillagers:all_workstations_get": {
    "criteria": {
      "composter": "2024-07-02 01:01:31 +0000"
    },
    "done": false
  },
  "morevillagers:first_workstation_get": {
    "criteria": {
      "composter": "2024-07-02 01:01:31 +0000"
    },
    "done": true
  },
  "ad_astra:ocean_cleanup": {
    "criteria": {
      "oil_bucket": "2024-07-02 01:05:42 +0000"
    },
    "done": true
  },
  "ad_astra:tier_1_rocket": {
    "criteria": {
      "has_tier_1_rocket": "2024-07-02 01:30:55 +0000"
    },
    "done": true
  },
  "DataVersion": 3465
}