{
  "vanillatweaks:bat_membranes": {
    "criteria": {
      "tick": "2024-09-09 01:41:01 +0000"
    },
    "done": true
  },
  "vanillatweaks:unlock_all_recipes": {
    "criteria": {
      "tick": "2024-09-09 01:41:01 +0000"
    },
    "done": true
  },
  "vanillatweaks:double_shulker_shells": {
    "criteria": {
      "tick": "2024-09-09 01:41:01 +0000"
    },
    "done": true
  },
  "vanillatweaks:root": {
    "criteria": {
      "tick": "2024-09-09 01:41:01 +0000"
    },
    "done": true
  },
  "vanillatweaks:dragon_drops": {
    "criteria": {
      "tick": "2024-09-09 01:41:01 +0000"
    },
    "done": true
  },
  "vanillatweaks:redstone_wrench": {
    "criteria": {
      "tick": "2024-09-09 01:41:01 +0000"
    },
    "done": true
  },
  "vanillatweaks:villager_workstation_highlights": {
    "criteria": {
      "tick": "2024-09-09 01:41:01 +0000"
    },
    "done": true
  },
  "vanillatweaks:coordinates_hud": {
    "criteria": {
      "tick": "2024-09-09 01:41:01 +0000"
    },
    "done": true
  },
  "mowziesmobs:root": {
    "criteria": {
      "custom_test_name": "2024-09-09 01:41:01 +0000"
    },
    "done": true
  },
  "vanillatweaks:nether_portal_coords": {
    "criteria": {
      "tick": "2024-09-09 01:41:01 +0000"
    },
    "done": true
  },
  "vanillatweaks:fast_leaf_decay": {
    "criteria": {
      "tick": "2024-09-09 01:41:01 +0000"
    },
    "done": true
  },
  "vanillatweaks:custom_villager_shops": {
    "criteria": {
      "tick": "2024-09-09 01:41:01 +0000"
    },
    "done": true
  },
  "vanillatweaks:terracotta_wrench": {
    "criteria": {
      "tick": "2024-09-09 01:41:01 +0000"
    },
    "done": true
  },
  "vanillatweaks:name_colors": {
    "criteria": {
      "tick": "2024-09-09 01:41:01 +0000"
    },
    "done": true
  },
  "vanillatweaks:armored_elytra": {
    "criteria": {
      "tick": "2024-09-09 01:41:01 +0000"
    },
    "done": true
  },
  "minecraft:adventure/adventuring_time": {
    "criteria": {
      "minecraft:beach": "2024-09-09 01:41:01 +0000"
    },
    "done": false
  },
  "morevillagers:root": {
    "criteria": {
      "always": "2024-09-09 01:41:01 +0000"
    },
    "done": true
  },
  "sandstone_dyeing:recipes/building_blocks/red_sandstone": {
    "criteria": {
      "has_dye": "2024-09-10 02:38:50 +0000",
      "has_block": "2024-09-10 02:38:50 +0000"
    },
    "done": true
  },
  "vanillatweaks:crafting_pad": {
    "criteria": {
      "has_pad": "2024-09-10 02:38:50 +0000"
    },
    "done": true
  },
  "craftable_bundles_rabbit_hide:recipes/bundle_rabbit_hide": {
    "criteria": {
      "has_rabbit_hide": "2024-09-10 02:38:50 +0000",
      "has_string": "2024-09-10 02:38:50 +0000"
    },
    "done": true
  },
  "sandstone_dyeing:recipes/building_blocks/red_sand": {
    "criteria": {
      "has_dye": "2024-09-10 02:38:50 +0000",
      "has_block": "2024-09-10 02:38:50 +0000"
    },
    "done": true
  },
  "craftable_notch_apples:recipes/building_blocks/craftable_notch_apples/notch_apple": {
    "criteria": {
      "has_apple": "2024-09-10 02:38:50 +0000",
      "has_block": "2024-09-10 02:38:50 +0000"
    },
    "done": true
  },
  "dropper_to_dispenser:recipes/building_blocks/dropper_to_dispenser/dispenser": {
    "criteria": {
      "has_block": "2024-09-10 02:38:50 +0000",
      "has_bow": "2024-09-10 02:38:50 +0000"
    },
    "done": true
  },
  "dropper_to_dispenser:recipes/building_blocks/dropper_to_dispenser/dispenser_alternate": {
    "criteria": {
      "has_string": "2024-09-10 02:38:50 +0000",
      "has_block": "2024-09-10 02:38:50 +0000",
      "has_stick": "2024-09-10 02:38:50 +0000"
    },
    "done": true
  },
  "sandstone_dyeing:recipes/building_blocks/smooth_red_sandstone": {
    "criteria": {
      "has_dye": "2024-09-10 02:38:50 +0000",
      "has_block": "2024-09-10 02:38:50 +0000"
    },
    "done": true
  },
  "craftable_bundles_leather:recipes/bundle_leather": {
    "criteria": {
      "has_leather": "2024-09-10 02:38:50 +0000",
      "has_string": "2024-09-10 02:38:50 +0000"
    },
    "done": true
  },
  "craftable_name_tags:recipes/building_blocks/craftable_name_tags/name_tag": {
    "criteria": {
      "has_string": "2024-09-10 02:38:50 +0000",
      "has_paper": "2024-09-10 02:38:50 +0000",
      "has_iron": "2024-09-10 02:38:50 +0000"
    },
    "done": true
  },
  "vanillatweaks:storage_blocks": {
    "criteria": {
      "has_sugar": "2024-09-10 02:38:50 +0000",
      "has_flint": "2024-09-10 02:38:50 +0000",
      "has_charcoal": "2024-09-10 02:38:50 +0000"
    },
    "done": true
  },
  "DataVersion": 3465
}