{
  "vanillatweaks:bat_membranes": {
    "criteria": {
      "tick": "2024-09-16 02:55:15 +0000"
    },
    "done": true
  },
  "vanillatweaks:unlock_all_recipes": {
    "criteria": {
      "tick": "2024-09-16 02:55:15 +0000"
    },
    "done": true
  },
  "vanillatweaks:dynamite": {
    "criteria": {
      "has_the_recipe": "2024-09-16 02:55:15 +0000"
    },
    "done": true
  },
  "vanillatweaks:double_shulker_shells": {
    "criteria": {
      "tick": "2024-09-16 02:55:15 +0000"
    },
    "done": true
  },
  "vanillatweaks:crafting_pad": {
    "criteria": {
      "has_the_recipe": "2024-09-16 02:55:15 +0000"
    },
    "done": true
  },
  "vanillatweaks:root": {
    "criteria": {
      "tick": "2024-09-16 02:55:15 +0000"
    },
    "done": true
  },
  "vanillatweaks:dragon_drops": {
    "criteria": {
      "tick": "2024-09-16 02:55:15 +0000"
    },
    "done": true
  },
  "vanillatweaks:redstone_wrench": {
    "criteria": {
      "tick": "2024-09-16 02:55:15 +0000"
    },
    "done": true
  },
  "vanillatweaks:pedestal": {
    "criteria": {
      "has_the_recipe": "2024-09-16 02:55:15 +0000"
    },
    "done": true
  },
  "vanillatweaks:slime_bucket": {
    "criteria": {
      "has_the_recipe": "2024-09-16 02:55:15 +0000"
    },
    "done": true
  },
  "vanillatweaks:villager_workstation_highlights": {
    "criteria": {
      "tick": "2024-09-16 02:55:15 +0000"
    },
    "done": true
  },
  "vanillatweaks:coordinates_hud": {
    "criteria": {
      "tick": "2024-09-16 02:55:15 +0000"
    },
    "done": true
  },
  "mowziesmobs:root": {
    "criteria": {
      "custom_test_name": "2024-09-16 02:55:15 +0000"
    },
    "done": true
  },
  "vanillatweaks:nether_portal_coords": {
    "criteria": {
      "tick": "2024-09-16 02:55:15 +0000"
    },
    "done": true
  },
  "vanillatweaks:fast_leaf_decay": {
    "criteria": {
      "tick": "2024-09-16 02:55:15 +0000"
    },
    "done": true
  },
  "vanillatweaks:fried_egg": {
    "criteria": {
      "has_the_recipe": "2024-09-16 02:55:15 +0000"
    },
    "done": true
  },
  "vanillatweaks:custom_villager_shops": {
    "criteria": {
      "tick": "2024-09-16 02:55:15 +0000"
    },
    "done": true
  },
  "vanillatweaks:terracotta_wrench": {
    "criteria": {
      "tick": "2024-09-16 02:55:15 +0000"
    },
    "done": true
  },
  "vanillatweaks:name_colors": {
    "criteria": {
      "tick": "2024-09-16 02:55:15 +0000"
    },
    "done": true
  },
  "vanillatweaks:armored_elytra": {
    "criteria": {
      "tick": "2024-09-16 02:55:15 +0000"
    },
    "done": true
  },
  "vanillatweaks:storage_blocks": {
    "criteria": {
      "has_the_recipe": "2024-09-16 02:55:15 +0000"
    },
    "done": true
  },
  "minecraft:adventure/adventuring_time": {
    "criteria": {
      "minecraft:mushroom_fields": "2024-09-16 03:27:04 +0000",
      "minecraft:taiga": "2024-09-16 03:16:05 +0000",
      "minecraft:beach": "2024-09-16 03:58:36 +0000",
      "minecraft:sparse_jungle": "2024-09-16 03:59:35 +0000",
      "minecraft:lukewarm_ocean": "2024-09-16 03:05:34 +0000",
      "minecraft:river": "2024-09-16 03:15:45 +0000",
      "minecraft:forest": "2024-09-16 04:04:48 +0000",
      "minecraft:old_growth_spruce_taiga": "2024-09-16 03:16:03 +0000",
      "minecraft:windswept_savanna": "2024-09-16 03:59:53 +0000",
      "minecraft:deep_lukewarm_ocean": "2024-09-16 03:24:13 +0000",
      "minecraft:savanna": "2024-09-16 05:23:05 +0000",
      "minecraft:plains": "2024-09-16 02:55:17 +0000"
    },
    "done": false
  },
  "sandstone_dyeing:recipes/building_blocks/red_sandstone": {
    "criteria": {
      "has_dye": "2024-09-16 02:56:46 +0000",
      "has_block": "2024-09-16 02:56:46 +0000"
    },
    "done": true
  },
  "craftable_bundles_rabbit_hide:recipes/bundle_rabbit_hide": {
    "criteria": {
      "has_rabbit_hide": "2024-09-16 02:56:46 +0000",
      "has_string": "2024-09-16 02:56:46 +0000"
    },
    "done": true
  },
  "farmersdelight:main/root": {
    "criteria": {
      "seeds": "2024-09-16 02:56:46 +0000"
    },
    "done": true
  },
  "sandstone_dyeing:recipes/building_blocks/red_sand": {
    "criteria": {
      "has_dye": "2024-09-16 02:56:46 +0000",
      "has_block": "2024-09-16 02:56:46 +0000"
    },
    "done": true
  },
  "craftable_notch_apples:recipes/building_blocks/craftable_notch_apples/notch_apple": {
    "criteria": {
      "has_apple": "2024-09-16 02:56:46 +0000",
      "has_block": "2024-09-16 02:56:46 +0000"
    },
    "done": true
  },
  "dropper_to_dispenser:recipes/building_blocks/dropper_to_dispenser/dispenser": {
    "criteria": {
      "has_block": "2024-09-16 02:56:46 +0000",
      "has_bow": "2024-09-16 02:56:46 +0000"
    },
    "done": true
  },
  "dropper_to_dispenser:recipes/building_blocks/dropper_to_dispenser/dispenser_alternate": {
    "criteria": {
      "has_string": "2024-09-16 02:56:46 +0000",
      "has_block": "2024-09-16 02:56:46 +0000",
      "has_stick": "2024-09-16 02:56:46 +0000"
    },
    "done": true
  },
  "sandstone_dyeing:recipes/building_blocks/smooth_red_sandstone": {
    "criteria": {
      "has_dye": "2024-09-16 02:56:46 +0000",
      "has_block": "2024-09-16 02:56:46 +0000"
    },
    "done": true
  },
  "craftable_bundles_leather:recipes/bundle_leather": {
    "criteria": {
      "has_leather": "2024-09-16 02:56:46 +0000",
      "has_string": "2024-09-16 02:56:46 +0000"
    },
    "done": true
  },
  "craftable_name_tags:recipes/building_blocks/craftable_name_tags/name_tag": {
    "criteria": {
      "has_string": "2024-09-16 02:56:46 +0000",
      "has_paper": "2024-09-16 02:56:46 +0000",
      "has_iron": "2024-09-16 02:56:46 +0000"
    },
    "done": true
  },
  "mutantmonsters:root": {
    "criteria": {
      "killed_by_something": "2024-09-16 02:56:49 +0000"
    },
    "done": true
  },
  "minecraft:adventure/root": {
    "criteria": {
      "killed_by_something": "2024-09-16 02:56:49 +0000"
    },
    "done": true
  },
  "endofherobrine:story/root": {
    "criteria": {
      "requirement": "2024-09-16 02:57:02 +0000"
    },
    "done": true
  },
  "minecraft:adventure/kill_all_mobs": {
    "criteria": {
      "minecraft:skeleton": "2024-09-16 04:21:31 +0000",
      "minecraft:spider": "2024-09-16 02:57:20 +0000",
      "minecraft:creeper": "2024-09-16 04:51:01 +0000",
      "minecraft:zombified_piglin": "2024-09-16 07:28:09 +0000",
      "minecraft:cave_spider": "2024-09-16 05:43:56 +0000",
      "minecraft:zombie": "2024-09-16 04:21:38 +0000",
      "minecraft:zombie_villager": "2024-09-16 04:01:21 +0000"
    },
    "done": false
  },
  "minecraft:adventure/kill_a_mob": {
    "criteria": {
      "minecraft:spider": "2024-09-16 02:57:20 +0000"
    },
    "done": true
  },
  "biomesoplenty:biomesoplenty/all_biomes": {
    "criteria": {
      "woodland": "2024-09-16 04:05:08 +0000",
      "scrubland": "2024-09-16 03:17:32 +0000",
      "old_growth_woodland": "2024-09-16 04:04:12 +0000",
      "maple_woods": "2024-09-16 03:16:09 +0000",
      "redwood_forest": "2024-09-16 06:23:11 +0000",
      "tropics": "2024-09-16 03:27:01 +0000",
      "crag": "2024-09-16 04:04:31 +0000"
    },
    "done": false
  },
  "biomesoplenty:biomesoplenty/root": {
    "criteria": {
      "maple_woods": "2024-09-16 03:16:09 +0000"
    },
    "done": true
  },
  "minecraft:story/root": {
    "criteria": {
      "crafting_table": "2024-09-16 03:38:01 +0000"
    },
    "done": true
  },
  "minecraft:husbandry/balanced_diet": {
    "criteria": {
      "cooked_porkchop": "2024-09-16 04:49:54 +0000",
      "bread": "2024-09-16 06:08:26 +0000",
      "rotten_flesh": "2024-09-16 04:51:25 +0000",
      "enchanted_golden_apple": "2024-09-16 03:38:41 +0000"
    },
    "done": false
  },
  "minecraft:husbandry/root": {
    "criteria": {
      "consumed_item": "2024-09-16 03:38:41 +0000"
    },
    "done": true
  },
  "minecraft:story/mine_stone": {
    "criteria": {
      "get_stone": "2024-09-16 03:39:31 +0000"
    },
    "done": true
  },
  "minecraft:story/upgrade_tools": {
    "criteria": {
      "stone_pickaxe": "2024-09-16 03:42:17 +0000"
    },
    "done": true
  },
  "immersive_aircraft:misc/aircraftery": {
    "criteria": {
      "has_item": "2024-09-16 03:47:31 +0000"
    },
    "done": true
  },
  "minecraft:story/smelt_iron": {
    "criteria": {
      "iron": "2024-09-16 03:47:31 +0000"
    },
    "done": true
  },
  "man_of_many_planes:misc/expanded_aircraftery": {
    "criteria": {
      "has_item": "2024-09-16 03:47:31 +0000"
    },
    "done": true
  },
  "ad_astra:ocean_cleanup": {
    "criteria": {
      "oil_bucket": "2024-09-16 03:55:23 +0000"
    },
    "done": true
  },
  "minecraft:story/deflect_arrow": {
    "criteria": {
      "deflected_projectile": "2024-09-16 04:21:20 +0000"
    },
    "done": true
  },
  "minecraft:story/obtain_armor": {
    "criteria": {
      "iron_chestplate": "2024-09-16 04:34:24 +0000"
    },
    "done": true
  },
  "minecraft:story/iron_tools": {
    "criteria": {
      "iron_pickaxe": "2024-09-16 04:35:14 +0000"
    },
    "done": true
  },
  "universal_dyeing:recipes/building_blocks/universal_dyeing/stained_glass": {
    "criteria": {
      "has_dye": "2024-09-16 04:51:32 +0000"
    },
    "done": false
  },
  "minecraft:husbandry/bred_all_animals": {
    "criteria": {
      "minecraft:pig": "2024-09-16 07:15:09 +0000"
    },
    "done": false
  },
  "minecraft:adventure/sleep_in_bed": {
    "criteria": {
      "slept_in_bed": "2024-09-16 05:27:33 +0000"
    },
    "done": true
  },
  "endofherobrine:story/exorcist": {
    "criteria": {
      "endofherobrine:pigman": "2024-09-16 07:27:52 +0000"
    },
    "done": false
  },
  "universal_dyeing:recipes/building_blocks/universal_dyeing/candle": {
    "criteria": {
      "has_dye": "2024-09-16 04:51:32 +0000"
    },
    "done": false
  },
  "universal_dyeing:recipes/building_blocks/universal_dyeing/terracotta": {
    "criteria": {
      "has_dye": "2024-09-16 04:51:32 +0000"
    },
    "done": false
  },
  "minecraft:story/mine_diamond": {
    "criteria": {
      "diamond": "2024-09-16 06:21:09 +0000"
    },
    "done": true
  },
  "farmersdelight:main/plant_all_crops": {
    "criteria": {
      "cabbage": "2024-09-16 06:43:34 +0000",
      "tomato": "2024-09-16 06:44:02 +0000",
      "wheat": "2024-09-16 06:44:07 +0000",
      "carrot": "2024-09-16 07:02:26 +0000"
    },
    "done": false
  },
  "farmersdelight:main/use_cutting_board": {
    "criteria": {
      "cutting_board": "2024-09-16 07:09:06 +0000"
    },
    "done": true
  },
  "farmersdelight:main/get_fd_seed": {
    "criteria": {
      "cabbage_seeds": "2024-09-16 06:04:39 +0000"
    },
    "done": true
  },
  "universal_dyeing:recipes/building_blocks/universal_dyeing/concrete_powder": {
    "criteria": {
      "has_dye": "2024-09-16 04:51:32 +0000"
    },
    "done": false
  },
  "universal_dyeing:recipes/building_blocks/universal_dyeing/glazed_terracotta": {
    "criteria": {
      "has_dye": "2024-09-16 04:51:32 +0000"
    },
    "done": false
  },
  "minecraft:husbandry/plant_seed": {
    "criteria": {
      "wheat": "2024-09-16 06:44:07 +0000"
    },
    "done": true
  },
  "minecraft:adventure/shoot_arrow": {
    "criteria": {
      "shot_arrow": "2024-09-16 06:40:12 +0000"
    },
    "done": true
  },
  "universal_dyeing:recipes/building_blocks/universal_dyeing/stained_glass_pane": {
    "criteria": {
      "has_dye": "2024-09-16 04:51:32 +0000"
    },
    "done": false
  },
  "minecraft:husbandry/breed_an_animal": {
    "criteria": {
      "bred": "2024-09-16 07:15:09 +0000"
    },
    "done": true
  },
  "farmersdelight:main/craft_knife": {
    "criteria": {
      "golden_knife": "2024-09-16 06:40:34 +0000"
    },
    "done": true
  },
  "farmersdelight:main/place_campfire": {
    "criteria": {
      "campfire": "2024-09-16 06:58:19 +0000"
    },
    "done": true
  },
  "DataVersion": 3465
}