{
  "vanillatweaks:bat_membranes": {
    "criteria": {
      "tick": "2024-09-09 01:41:01 +0000"
    },
    "done": true
  },
  "vanillatweaks:unlock_all_recipes": {
    "criteria": {
      "tick": "2024-09-09 01:41:01 +0000"
    },
    "done": true
  },
  "vanillatweaks:double_shulker_shells": {
    "criteria": {
      "tick": "2024-09-09 01:41:01 +0000"
    },
    "done": true
  },
  "vanillatweaks:root": {
    "criteria": {
      "tick": "2024-09-09 01:41:01 +0000"
    },
    "done": true
  },
  "vanillatweaks:dragon_drops": {
    "criteria": {
      "tick": "2024-09-09 01:41:01 +0000"
    },
    "done": true
  },
  "vanillatweaks:redstone_wrench": {
    "criteria": {
      "tick": "2024-09-09 01:41:01 +0000"
    },
    "done": true
  },
  "vanillatweaks:villager_workstation_highlights": {
    "criteria": {
      "tick": "2024-09-09 01:41:01 +0000"
    },
    "done": true
  },
  "vanillatweaks:coordinates_hud": {
    "criteria": {
      "tick": "2024-09-09 01:41:01 +0000"
    },
    "done": true
  },
  "mowziesmobs:root": {
    "criteria": {
      "custom_test_name": "2024-09-09 01:41:01 +0000"
    },
    "done": true
  },
  "vanillatweaks:nether_portal_coords": {
    "criteria": {
      "tick": "2024-09-09 01:41:01 +0000"
    },
    "done": true
  },
  "vanillatweaks:fast_leaf_decay": {
    "criteria": {
      "tick": "2024-09-09 01:41:01 +0000"
    },
    "done": true
  },
  "vanillatweaks:custom_villager_shops": {
    "criteria": {
      "tick": "2024-09-09 01:41:01 +0000"
    },
    "done": true
  },
  "vanillatweaks:terracotta_wrench": {
    "criteria": {
      "tick": "2024-09-09 01:41:01 +0000"
    },
    "done": true
  },
  "vanillatweaks:name_colors": {
    "criteria": {
      "tick": "2024-09-09 01:41:01 +0000"
    },
    "done": true
  },
  "vanillatweaks:armored_elytra": {
    "criteria": {
      "tick": "2024-09-09 01:41:01 +0000"
    },
    "done": true
  },
  "minecraft:adventure/adventuring_time": {
    "criteria": {
      "minecraft:beach": "2024-09-09 01:41:01 +0000",
      "minecraft:river": "2024-09-10 03:06:50 +0000",
      "minecraft:cold_ocean": "2024-09-10 03:04:11 +0000",
      "minecraft:forest": "2024-09-10 03:00:50 +0000",
      "minecraft:plains": "2024-09-10 03:00:44 +0000"
    },
    "done": false
  },
  "morevillagers:root": {
    "criteria": {
      "always": "2024-09-09 01:41:01 +0000"
    },
    "done": true
  },
  "sandstone_dyeing:recipes/building_blocks/red_sandstone": {
    "criteria": {
      "has_dye": "2024-09-10 02:38:50 +0000",
      "has_block": "2024-09-10 02:38:50 +0000"
    },
    "done": true
  },
  "vanillatweaks:crafting_pad": {
    "criteria": {
      "has_pad": "2024-09-10 02:38:50 +0000"
    },
    "done": true
  },
  "craftable_bundles_rabbit_hide:recipes/bundle_rabbit_hide": {
    "criteria": {
      "has_rabbit_hide": "2024-09-10 02:38:50 +0000",
      "has_string": "2024-09-10 02:38:50 +0000"
    },
    "done": true
  },
  "sandstone_dyeing:recipes/building_blocks/red_sand": {
    "criteria": {
      "has_dye": "2024-09-10 02:38:50 +0000",
      "has_block": "2024-09-10 02:38:50 +0000"
    },
    "done": true
  },
  "craftable_notch_apples:recipes/building_blocks/craftable_notch_apples/notch_apple": {
    "criteria": {
      "has_apple": "2024-09-10 02:38:50 +0000",
      "has_block": "2024-09-10 02:38:50 +0000"
    },
    "done": true
  },
  "dropper_to_dispenser:recipes/building_blocks/dropper_to_dispenser/dispenser": {
    "criteria": {
      "has_block": "2024-09-10 02:38:50 +0000",
      "has_bow": "2024-09-10 02:38:50 +0000"
    },
    "done": true
  },
  "dropper_to_dispenser:recipes/building_blocks/dropper_to_dispenser/dispenser_alternate": {
    "criteria": {
      "has_string": "2024-09-10 02:38:50 +0000",
      "has_block": "2024-09-10 02:38:50 +0000",
      "has_stick": "2024-09-10 02:38:50 +0000"
    },
    "done": true
  },
  "sandstone_dyeing:recipes/building_blocks/smooth_red_sandstone": {
    "criteria": {
      "has_dye": "2024-09-10 02:38:50 +0000",
      "has_block": "2024-09-10 02:38:50 +0000"
    },
    "done": true
  },
  "craftable_bundles_leather:recipes/bundle_leather": {
    "criteria": {
      "has_leather": "2024-09-10 02:38:50 +0000",
      "has_string": "2024-09-10 02:38:50 +0000"
    },
    "done": true
  },
  "craftable_name_tags:recipes/building_blocks/craftable_name_tags/name_tag": {
    "criteria": {
      "has_string": "2024-09-10 02:38:50 +0000",
      "has_paper": "2024-09-10 02:38:50 +0000",
      "has_iron": "2024-09-10 02:38:50 +0000"
    },
    "done": true
  },
  "vanillatweaks:storage_blocks": {
    "criteria": {
      "has_sugar": "2024-09-10 02:38:50 +0000",
      "has_flint": "2024-09-10 02:38:50 +0000",
      "has_charcoal": "2024-09-10 02:38:50 +0000"
    },
    "done": true
  },
  "vanillatweaks:dynamite": {
    "criteria": {
      "has_gunpowder": "2024-09-10 02:58:08 +0000"
    },
    "done": true
  },
  "minecraft:husbandry/balanced_diet": {
    "criteria": {
      "enchanted_golden_apple": "2024-09-10 03:10:20 +0000"
    },
    "done": false
  },
  "minecraft:husbandry/root": {
    "criteria": {
      "consumed_item": "2024-09-10 03:10:20 +0000"
    },
    "done": true
  },
  "mutantmonsters:root": {
    "criteria": {
      "killed_by_something": "2024-09-10 03:11:23 +0000"
    },
    "done": true
  },
  "minecraft:adventure/root": {
    "criteria": {
      "killed_by_something": "2024-09-10 03:11:23 +0000"
    },
    "done": true
  },
  "minecraft:nether/netherite_armor": {
    "criteria": {
      "netherite_armor": "2024-09-10 03:15:27 +0000"
    },
    "done": true
  },
  "morevillagers:all_workstations_get": {
    "criteria": {
      "smithingtable": "2024-09-10 03:15:33 +0000"
    },
    "done": false
  },
  "morevillagers:first_workstation_get": {
    "criteria": {
      "smithingtable": "2024-09-10 03:15:33 +0000"
    },
    "done": true
  },
  "minecraft:adventure/kill_all_mobs": {
    "criteria": {
      "minecraft:skeleton": "2024-09-15 20:56:15 +0000",
      "minecraft:spider": "2024-09-10 03:16:53 +0000",
      "minecraft:zombie": "2024-09-10 03:25:18 +0000"
    },
    "done": false
  },
  "minecraft:adventure/kill_a_mob": {
    "criteria": {
      "minecraft:spider": "2024-09-10 03:16:53 +0000"
    },
    "done": true
  },
  "minecraft:story/mine_diamond": {
    "criteria": {
      "diamond": "2024-09-10 03:23:48 +0000"
    },
    "done": true
  },
  "endofherobrine:story/root": {
    "criteria": {
      "requirement": "2024-09-15 20:46:04 +0000"
    },
    "done": true
  },
  "DataVersion": 3465
}